id,name,title_id,prize_size,assort,title,series_id,release_month,Arrival_date,get_date,got_status,is_favorite,image_url,image_url1,image_url2,image_url3,image_url4,memo,created_at,updated_at,gravity_pred,gravity_actual
,BLEACH GLITTER&GLAMOURS-TIER HARRIBEL,,?25cm,?1?,,6,2026-03,2026-03-10,2026-03-10,got,1,https://res.cloudinary.com/dq60t7nqg/image/upload/v1776401420/BLEACH_GLITTER_GLAMOURS-TIER_HARRIBEL_hlrqj4.jpg,https://res.cloudinary.com/dq60t7nqg/image/upload/v1776401421/BLEACH_GLITTER_GLAMOURS-TIER_HARRIBEL2_hwy7yo.jpg,https://res.cloudinary.com/dq60t7nqg/image/upload/v1776401431/BLEACH_GLITTER_GLAMOURS-TIER_HARRIBEL3_p6ctzh.jpg,https://res.cloudinary.com/dq60t7nqg/image/upload/v1776401432/BLEACH_GLITTER_GLAMOURS-TIER_HARRIBEL4_qr6dhh.jpg,https://res.cloudinary.com/dq60t7nqg/image/upload/v1776401437/BLEACH_GLITTER_GLAMOURS-TIER_HARRIBEL5_ebv7hk.jpg,"?????????????????GLITTER&GLAMOURS???????????????????!
????????????????????!",,,,
,??????????? GLITTER&GLAMOURS-MIRKO-,10,"?11cm(???17cm)
",?1?,???????????,6,2026-03,2026-03-12,,un,0,https://res.cloudinary.com/dq60t7nqg/image/upload/v1776401469/My_Hero_Academia_GLITTER_GLAMOURS-MIRKO_taedgb.jpg,https://res.cloudinary.com/dq60t7nqg/image/upload/v1776401470/My_Hero_Academia_GLITTER_GLAMOURS-MIRKO2_hz2j6x.jpg,https://res.cloudinary.com/dq60t7nqg/image/upload/v1776401471/My_Hero_Academia_GLITTER_GLAMOURS-MIRKO3_edktoe.jpg,,,"????�???� ?????????????? ???????????? ????????????????
???????????GLITTER&GLAMOURS??????????????????????????!???????????????????THE AMAZING HEROES??????????????????????????????!

?2025?3???????????????? GLITTER&GLAMOURS-MIRKO-???????????
???????????????????????????????????",,,,
,????? GLITTER&GLAMOURS-JEWELRY.BONNEY-?,2,?22cm,?1?,?????,6,2026-03,2026-03-17,,got,1,https://res.cloudinary.com/dq60t7nqg/image/upload/v1776401472/One_Piece_GLITTER_GLAMOURS-JEWELRY_BONNEY-II_ofqm9w.jpg,https://res.cloudinary.com/dq60t7nqg/image/upload/v1776401473/One_Piece_GLITTER_GLAMOURS-JEWELRY_BONNEY-II3_qfi7ue.jpg,https://res.cloudinary.com/dq60t7nqg/image/upload/v1776401474/One_Piece_GLITTER_GLAMOURS-JEWELRY_BONNEY-II2_drd0im.jpg,https://res.cloudinary.com/dq60t7nqg/image/upload/v1776401475/One_Piece_GLITTER_GLAMOURS-JEWELRY_BONNEY-II5_kabbb9.jpg,https://res.cloudinary.com/dq60t7nqg/image/upload/v1776401476/One_Piece_GLITTER_GLAMOURS-JEWELRY_BONNEY-II4_z3kvrm.jpg,?GLITTER&GLAMOURS?????????????????????!,,,,
,To LOVE?-????-????? GLITTER&GLAMOURS ???? ???ver.,22,?23cm,?1?,To LOVE?,6,2026-04,2026-04-08,,got,1,https://res.cloudinary.com/dq60t7nqg/image/upload/v1776401483/To_LOVEru_Darkness_GLITTER_GLAMOURS_Kotegawa_Yui_Police_ver_y3w0vs.jpg,https://res.cloudinary.com/dq60t7nqg/image/upload/v1776401485/To_LOVEru_Darkness_GLITTER_GLAMOURS_Kotegawa_Yui_Police_ver2_vyqhxi.jpg,https://res.cloudinary.com/dq60t7nqg/image/upload/v1776401484/To_LOVEru_Darkness_GLITTER_GLAMOURS_Kotegawa_Yui_Police_ver4_cqpqov.jpg,https://res.cloudinary.com/dq60t7nqg/image/upload/v1776401482/To_LOVEru_Darkness_GLITTER_GLAMOURS_Kotegawa_Yui_Police_ver3_jr5tk4.jpg,https://res.cloudinary.com/dq60t7nqg/image/upload/v1776401488/To_LOVEru_Darkness_GLITTER_GLAMOURS_Kotegawa_Yui_Police_ver7_bkdi3i.jpg,?To LOVE?-????-?????????????????????????????????????!????????????????????????????????!!,,,,
,?????????SEED FREEDOM?GLITTER&GLAMOURS-Lunamaria Hawke- Racing ver.,,?22cm,?1?,,6,2026-04,2026-04-21,,got,1,https://res.cloudinary.com/dq60t7nqg/image/upload/v1776401438/Kido_Senshi_Gundam_SEED_FREEDOM_GLITTER_GLAMOURS-Lunamaria_Hawke-Racing_ver_nlzcx9.jpg,https://res.cloudinary.com/dq60t7nqg/image/upload/v1776401439/Kido_Senshi_Gundam_SEED_FREEDOM_GLITTER_GLAMOURS-Lunamaria_Hawke-Racing_ver2_cw1hi1.jpg,https://res.cloudinary.com/dq60t7nqg/image/upload/v1776401440/Kido_Senshi_Gundam_SEED_FREEDOM_GLITTER_GLAMOURS-Lunamaria_Hawke-Racing_ver3_pakukn.jpg,https://res.cloudinary.com/dq60t7nqg/image/upload/v1776401441/Kido_Senshi_Gundam_SEED_FREEDOM_GLITTER_GLAMOURS-Lunamaria_Hawke-Racing_ver4_afhjyp.jpg,https://res.cloudinary.com/dq60t7nqg/image/upload/v1776401442/Kido_Senshi_Gundam_SEED_FREEDOM_GLITTER_GLAMOURS-Lunamaria_Hawke-Racing_ver5_l4swje.jpg,GLITTER&GLAMOURS?????????????????ver.????????!?22cm???????????????????????????????????????!,,,,
,TV??????????????????Season 2 GLITTER&GLAMOURS-????? ???ver.-,21,?25cm,?1?,?????????????,6,2026-04,2026-04-28,,un,1,https://res.cloudinary.com/dq60t7nqg/image/upload/v1776401489/TVanime_Sono_Kisekae_Ningyo_wa_Koi_wo_Suru_Season_2_GLITTER_GLAMOURS-Kitagawa_Marin_Bunkasai_ver_oszwfr.jpg ,https://res.cloudinary.com/dq60t7nqg/image/upload/v1776401490/TVanime_Sono_Kisekae_Ningyo_wa_Koi_wo_Suru_Season_2_GLITTER_GLAMOURS-Kitagawa_Marin_Bunkasai_ver2_bswg6g.jpg ,https://res.cloudinary.com/dq60t7nqg/image/upload/v1776401491/TVanime_Sono_Kisekae_Ningyo_wa_Koi_wo_Suru_Season_2_GLITTER_GLAMOURS-Kitagawa_Marin_Bunkasai_ver3_e1uzgi.jpg,https://res.cloudinary.com/dq60t7nqg/image/upload/v1776401492/TVanime_Sono_Kisekae_Ningyo_wa_Koi_wo_Suru_Season_2_GLITTER_GLAMOURS-Kitagawa_Marin_Bunkasai_ver4_a9kxfv.jpg,https://res.cloudinary.com/dq60t7nqg/image/upload/v1776401493/TVanime_Sono_Kisekae_Ningyo_wa_Koi_wo_Suru_Season_2_GLITTER_GLAMOURS-Kitagawa_Marin_Bunkasai_ver5_jxxgst.jpg,TV??????????????????Season 2????????????ver.?GLITTER&GLAMOURS???!????????????????????????????????????????????????????????????????????????????????????????????????? ,,,,
,?????????~?~? GLITTER&GLAMOURS ???,38,?22cm,?1?,?????~?~,6,2026-04,2026-05-12,,,1,https://res.cloudinary.com/dq60t7nqg/image/upload/v1776401494/Anime_Jigoku_Sensei_Nube_GLITTER_GLAMOURS_Yukime_vqhu6k.jpg,https://res.cloudinary.com/dq60t7nqg/image/upload/v1776401495/Anime_Jigoku_Sensei_Nube_GLITTER_GLAMOURS_Yukime2_l1awam.jpg,https://res.cloudinary.com/dq60t7nqg/image/upload/v1776401497/Anime_Jigoku_Sensei_Nube_GLITTER_GLAMOURS_Yukime3_emfiet.jpg,https://res.cloudinary.com/dq60t7nqg/image/upload/v1776401498/Anime_Jigoku_Sensei_Nube_GLITTER_GLAMOURS_Yukime4_zpzyho.jpg,https://res.cloudinary.com/dq60t7nqg/image/upload/v1776401499/Anime_Jigoku_Sensei_Nube_GLITTER_GLAMOURS_Yukime5_zrx8ow.jpg,"??????????~?~???GLITTER&GLAMOURS??????????????!

?GLITTER&GLAMOURS???
????????????????????????????????????????????????????????????

??????????????2026?5?????????????????????",,,,
,??????????? GLITTER&GLAMOURS-OCHACO URARAKA-,10,?23cm,?1?,???????????,6,2026-04,2026-05-12,,,0,https://res.cloudinary.com/dq60t7nqg/image/upload/v1777302880/Boku_no_Hiirou_Akademia_GLITTER_GLAMOURS-Ochaco_Uraraka_feyqyn.jpg,https://res.cloudinary.com/dq60t7nqg/image/upload/v1777302881/Boku_no_Hiirou_Akademia_GLITTER_GLAMOURS-Ochaco_Uraraka2_irte9x.jpg,https://res.cloudinary.com/dq60t7nqg/image/upload/v1777302881/Boku_no_Hiirou_Akademia_GLITTER_GLAMOURS-Ochaco_Uraraka3_eywqib.jpg,https://res.cloudinary.com/dq60t7nqg/image/upload/v1777302882/Boku_no_Hiirou_Akademia_GLITTER_GLAMOURS-Ochaco_Uraraka4_nzks2d.jpg,https://res.cloudinary.com/dq60t7nqg/image/upload/v1777302882/Boku_no_Hiirou_Akademia_GLITTER_GLAMOURS-Ochaco_Uraraka5_tgpsdz.jpg,GLITTER&GLAMOURS??????????????????????!???????????????????!,,,,
,??????? GLITTER&GLAMOURS-SHALLTEAR-WEDDING ver.,25,?24cm,?1?,??????? ,6,2026-05,2026-05-12,,,1,https://res.cloudinary.com/dq60t7nqg/image/upload/v1777302813/Oobaaloodo_GLITTER_GLAMOURS-SHALLTEAR-WEDDING_ver_mpy1ye.jpg ,https://res.cloudinary.com/dq60t7nqg/image/upload/v1777302813/Oobaaloodo_GLITTER_GLAMOURS-SHALLTEAR-WEDDING_ver5_hynmwx.jpg ,https://res.cloudinary.com/dq60t7nqg/image/upload/v1777302813/Oobaaloodo_GLITTER_GLAMOURS-SHALLTEAR-WEDDING_ver2_waj0qh.jpg ,https://res.cloudinary.com/dq60t7nqg/image/upload/v1777302813/Oobaaloodo_GLITTER_GLAMOURS-SHALLTEAR-WEDDING_ver4_nbkxe2.jpg ,https://res.cloudinary.com/dq60t7nqg/image/upload/v1777302813/Oobaaloodo_GLITTER_GLAMOURS-SHALLTEAR-WEDDING_ver3_vbgh8e.jpg ,???????????????????????????????????????GLITTER&GLAMOURS????????????????????????????????????????????????????????,,,,
,???????? GLITTER&GLAMOURS-MEI KINOSAKI-,,?21cm,?1?,????????,6,2026-06,,,,0,https://res.cloudinary.com/dq60t7nqg/image/upload/v1776401463/Marriage_Toxin_GLITTER_GLAMOURS-MEI_KINOSAKI_fblvya.jpg ,https://res.cloudinary.com/dq60t7nqg/image/upload/v1776401464/Marriage_Toxin_GLITTER_GLAMOURS-MEI_KINOSAKI2_mmi58e.jpg ,https://res.cloudinary.com/dq60t7nqg/image/upload/v1776401465/Marriage_Toxin_GLITTER_GLAMOURS-MEI_KINOSAKI3_mzdcad.jpg ,https://res.cloudinary.com/dq60t7nqg/image/upload/v1776401467/Marriage_Toxin_GLITTER_GLAMOURS-MEI_KINOSAKI4_n8uirz.jpg ,https://res.cloudinary.com/dq60t7nqg/image/upload/v1776401468/Marriage_Toxin_GLITTER_GLAMOURS-MEI_KINOSAKI5_uuox0c.jpg ,"???????????????GLITTER&GLAMOURS??TV???????????????????????!
??????????????????

?GLITTER&GLAMOURS??????
????????????????????????????????????????????????????????????",,,,
,???????? GLITTER&GLAMOURS-KIMIE ARASHIYAMA-,,?22cm,?1?,????????,6,2026-07,,,,0,https://res.cloudinary.com/dq60t7nqg/image/upload/v1776401445/Marriage_Toxin_GLITTER_GLAMOURS-KIMIE_ARASHIYAMA_jt64eu.jpg ,https://res.cloudinary.com/dq60t7nqg/image/upload/v1776401446/Marriage_Toxin_GLITTER_GLAMOURS-KIMIE_ARASHIYAMA2_p6xomc.jpg ,https://res.cloudinary.com/dq60t7nqg/image/upload/v1776401447/Marriage_Toxin_GLITTER_GLAMOURS-KIMIE_ARASHIYAMA3_fqwx4n.jpg ,https://res.cloudinary.com/dq60t7nqg/image/upload/v1776401448/Marriage_Toxin_GLITTER_GLAMOURS-KIMIE_ARASHIYAMA4_ek3faj.jpg ,https://res.cloudinary.com/dq60t7nqg/image/upload/v1776401449/Marriage_Toxin_GLITTER_GLAMOURS-KIMIE_ARASHIYAMA5_qrc6q8.jpg ,"???????????????GLITTER&GLAMOURS??TV????????????????????????!
??????????????????

?GLITTER&GLAMOURS??????
????????????????????????????????????????????????????????????",,,,
,?-Saki- GLITTER&GLAMOURS ???,,?27cm,?1?,?-Saki-,6,2026-09,,,,0,https://res.cloudinary.com/dq60t7nqg/image/upload/v1776401481/Saki_GLITTER_GLAMOURS_Haramura_Nodoka_ikc6pb.jpg ,,,,,??-Saki-?????????????????????!�??�??????GLITTER&GLAMOURS?????27cm?????????????????! ???26???????????????????!,,,,
,????? THE??LOGIA-PORTGAS.D.ACE-E-,2,?19cm,?1?,?????,7,2026-03,2026-03-26,2026-03-26,got,1,https://res.cloudinary.com/dq60t7nqg/image/upload/v1776402638/One_Piece_THE_Shukkou_LOGIA-PORTGAS_D_ACE_r0euvu.jpg,https://res.cloudinary.com/dq60t7nqg/image/upload/v1776402639/One_Piece_THE_Shukkou_LOGIA-PORTGAS_D_ACE2_hh3xcb.jpg,,,,????????(???)????????????????????????????THE?? LOGIA?????????!?????????????????????????????!,,,,
,????????? VIBRATION STARS PLUS-????- ,13,?13cm,?1?,????,12,2026-03,2026-03-18,,un,0,https://res.cloudinary.com/dq60t7nqg/image/upload/v1776403909/Anime_Kimetsu_no_Yaiba_VIBRATION_STARS_PLUS-Agatsuma_Zenitsu_vj4cqi.jpg,https://res.cloudinary.com/dq60t7nqg/image/upload/v1776403912/Anime_Kimetsu_no_Yaiba_VIBRATION_STARS_PLUS-Agatsuma_Zenitsu2_bdrxsh.jpg,https://res.cloudinary.com/dq60t7nqg/image/upload/v1776403915/Anime_Kimetsu_no_Yaiba_VIBRATION_STARS_PLUS-Agatsuma_Zenitsu3_cwgvcr.jpg,,,"?????????????????????????????????????????????????�VIBRATION STARS�???????????�VIBRATION STARS PLUS�?????????????!!
�???????�??????????????????!",,,,
,????????? VIBRATION STARS PLUS-??-,13,?21cm,?1?,????,12,2026-03,2026-03-18,,un,0,https://res.cloudinary.com/dq60t7nqg/image/upload/v1776403913/Anime_Kimetsu_no_Yaiba_VIBRATION_STARS_PLUS-Kaigaku_tul6gj.jpg,https://res.cloudinary.com/dq60t7nqg/image/upload/v1776403895/Anime_Kimetsu_no_Yaiba_VIBRATION_STARS_PLUS-Kaigaku2_eipu0g.jpg,https://res.cloudinary.com/dq60t7nqg/image/upload/v1776403897/Anime_Kimetsu_no_Yaiba_VIBRATION_STARS_PLUS-Kaigaku3_f0i9ej.jpg,,,"?????????????????????????????????????????????????�VIBRATION STARS�???????????�VIBRATION STARS PLUS�???????????????!!
�????????�??????????????????????",,,,
,-NARUTO 72 series- 40 VIBRATION STARS-DEIDARA ,7,?19cm,?2?,NARUTO-???,12,2026-04,2026-04-09,,un,0,https://res.cloudinary.com/dq60t7nqg/image/upload/v1776403896/NARUTO_72_series-_40_VIBRATION_STARS-DEIDARA_vcwgtd.jpg,https://res.cloudinary.com/dq60t7nqg/image/upload/v1776403898/NARUTO_72_series-_40_VIBRATION_STARS-DEIDARA2_zwbvuo.jpg,https://res.cloudinary.com/dq60t7nqg/image/upload/v1776403899/NARUTO_72_series-_40_VIBRATION_STARS-DEIDARA3_z7oew5.jpg,,,"??????????????????-NARUTO 72 series-???????????????????!??????????????????????????????????????

?2023?8????NARUTO-???- ??? VIBRATION STARS-UCHIHA SASUKE & DEIDARA-???????????????????",,,,
,-NARUTO 72 series- 40 VIBRATION UCHIHA SASUKE-,7,?18cm,?2?,NARUTO-???,12,2026-04,2026-04-09,,un,0,https://res.cloudinary.com/dq60t7nqg/image/upload/v1776403901/NARUTO_72_series-_40_VIBRATION_STARS-UCHIHA_SASUKE_dqikjx.jpg,https://res.cloudinary.com/dq60t7nqg/image/upload/v1776403902/NARUTO_72_series-_40_VIBRATION_STARS-UCHIHA_SASUKE3_za3fsx.jpg,https://res.cloudinary.com/dq60t7nqg/image/upload/v1776403903/NARUTO_72_series-_40_VIBRATION_STARS-UCHIHA_SASUKE2_zkkzah.jpg,,,"??????????????????-NARUTO 72 series-???????????????????!??????????????????????????????????????

?2023?8????NARUTO-???- ??? VIBRATION STARS-UCHIHA SASUKE & DEIDARA-???????????????????",,,,
,TV?????????? VIBRATION STARS-????(??)-,14,?10cm(???13cm),?1?,?????,12,2026-06,NULL,,un,0,https://res.cloudinary.com/dq60t7nqg/image/upload/v1776403908/TVanime_Dandadan_VIBRATION_STARS-Okarun_Henshin_boailp.jpg,https://res.cloudinary.com/dq60t7nqg/image/upload/v1776403910/TVanime_Dandadan_VIBRATION_STARS-Okarun_Henshin2_tmtmnc.jpg,,,,??????????????????VIBRATION STARS???TV??????????????!,,,,
,TV?????????? VIBRATION STARS-??(??)-,14,?16cm,?1?,?????,12,2026-06,NULL,,un,0,https://res.cloudinary.com/dq60t7nqg/image/upload/v1776403905/TVanime_Dandadan_VIBRATION_STARS-Jiji_Henshin_mk6tul.jpg,https://res.cloudinary.com/dq60t7nqg/image/upload/v1776403906/TVanime_Dandadan_VIBRATION_STARS-Jiji_Henshin2_oqhzel.jpg,,,,??????????????????VIBRATION STARS???TV??????????????!,,,,
,??? BANPRESTO EVOLVE ????????,15,?23cm,?1?,???,14,2026-04,2026-04-28,2026-04-28,got,1,https://res.cloudinary.com/dq60t7nqg/image/upload/v1776404589/Sakura_Miku_BANPRESTO_EVOLVE_Sakura_Miku_Figure_okgvxd.jpg,https://res.cloudinary.com/dq60t7nqg/image/upload/v1776404427/Sakura_Miku_BANPRESTO_EVOLVE_Sakura_Miku_Figure2_p8o9yt.jpg,https://res.cloudinary.com/dq60t7nqg/image/upload/v1776404428/Sakura_Miku_BANPRESTO_EVOLVE_Sakura_Miku_Figure3_pxo0w9.jpg,https://res.cloudinary.com/dq60t7nqg/image/upload/v1776404467/Sakura_Miku_BANPRESTO_EVOLVE_Sakura_Miku_Figure4_xcy21p.jpg,https://res.cloudinary.com/dq60t7nqg/image/upload/v1776404590/Sakura_Miku_BANPRESTO_EVOLVE_Sakura_Miku_Figure5_ju3oew.jpg,?BANPRESTO EVOLVE?????? ??????????????????????????????????????????  ?????????KEI?????????????????????????????????????????????????????????????????????????????????????????????????????????????????????????????????  ??????:???? ?????????????????????!,,,,
,???????? MAXIMATIC HIMMEL,12,?25cm,?1?,????????,16,2026-03,2026-03-04,2026-03-04,got,1,https://res.cloudinary.com/dq60t7nqg/image/upload/v1776406117/Sousou_no_Frieren_MAXIMATIC_HIMMEL_ndcuiq.jpg,https://res.cloudinary.com/dq60t7nqg/image/upload/v1776406114/Sousou_no_Frieren_MAXIMATIC_HIMMEL2_rtofjx.jpg,https://res.cloudinary.com/dq60t7nqg/image/upload/v1776406119/Sousou_no_Frieren_MAXIMATIC_HIMMEL3_beeye4.jpg,,,"???2??????????????????????????????????????MAXIMATIC??????!
??????????????????????????????????????????
?????MAXIMATIC FRIEREN ????????????????????",,,,
,???????? MAXIMATIC FRIEREN ?,12,?20cm,?1?,????????,16,2026-03,2026-03-04,2026-03-04,got,1,https://res.cloudinary.com/dq60t7nqg/image/upload/v1776406108/Sousou_no_Frieren_MAXIMATIC_FRIEREN_II_vs7kdf.jpg,https://res.cloudinary.com/dq60t7nqg/image/upload/v1776406110/Sousou_no_Frieren_MAXIMATIC_FRIEREN_II2_hom5hf.jpg,https://res.cloudinary.com/dq60t7nqg/image/upload/v1776406112/Sousou_no_Frieren_MAXIMATIC_FRIEREN_II3_l1dihz.jpg,,,"???2???????????????????????????????????????MAXIMATIC??????!
?????MAXIMATIC HIMMEL???????????????????",,,,
,??????????? MAXIMATIC IZUKU MIDORIYA ?,10,?15cm,?1?,???????????,16,2026-03,2026-03-17,,un,0,https://res.cloudinary.com/dq60t7nqg/image/upload/v1776406098/My_Hero_Academia_MAXIMATIC_IZUKU_MIDORIYA_III_uecael.jpg,https://res.cloudinary.com/dq60t7nqg/image/upload/v1776406100/My_Hero_Academia_MAXIMATIC_IZUKU_MIDORIYA_III2_ykseid.jpg,,,,"MAX??????MAX???
??????????????????????????????????????????????MAXIMATIC?????????ver.????????!",,,,
,??????????? MAXIMATIC SHOTO TODOROKI ?,10,?21cm,?1?,???????????,16,2026-03,2026-03-18,2026-03-18,got,0,https://res.cloudinary.com/dq60t7nqg/image/upload/v1776406102/My_Hero_Academia_MAXIMATIC_SHOTO_TODOROKI_II_kahm8f.jpg,https://res.cloudinary.com/dq60t7nqg/image/upload/v1776406104/My_Hero_Academia_MAXIMATIC_SHOTO_TODOROKI_II2_nz8azd.jpg,,,,"MAX??????MAX???
??????????????????????????????????????????????MAXIMATIC?????????????!
TV???157??I AM HERE??????????????????!",,,,
,???? MAXIMATIC HIROMI HIGURUMA,4,?21cm,?1?,????,16,2026-04,2026-04-23,2026-04-23,got,0,https://res.cloudinary.com/dq60t7nqg/image/upload/v1776406123/Jujutsu_Kaisen_MAXIMATIC_HIROMI_HIGURUMA_hbeodw.jpg,https://res.cloudinary.com/dq60t7nqg/image/upload/v1776406121/Jujutsu_Kaisen_MAXIMATIC_HIROMI_HIGURUMA2_in3cf3.jpg,,,,"MAX??????MAX???
??????????????????????????????????????????????MAXIMATIC???????TV??????????????????!",,,,
,???? MAXIMATIC YUJI ITADORI-?????-,4,?20cm,?1?,????,16,2026-04,2026-04-23,2026-04-23,got,0,https://res.cloudinary.com/dq60t7nqg/image/upload/v1776406123/Jujutsu_Kaisen_MAXIMATIC_HIROMI_HIGURUMA_hbeodw.jpg,https://res.cloudinary.com/dq60t7nqg/image/upload/v1776406121/Jujutsu_Kaisen_MAXIMATIC_HIROMI_HIGURUMA2_in3cf3.jpg,,,,"MAX??????MAX???
??????????????????????????????????????????????MAXIMATIC???????TV??????????????????!",,,,
,????????? MAXIMATIC DOMA,13,?20cm,?1?,????,16,2026-05,2026-05-21,,un,0,https://res.cloudinary.com/dq60t7nqg/image/upload/v1777456752/kimetsu_no_yaiba_maximatic_doma_e8vwgk.jpg,https://res.cloudinary.com/dq60t7nqg/image/upload/v1777456752/kimetsu_no_yaiba_maximatic_doma2_fye2rx.jpg,,,,MAXIMATIC???????????!!??????????????!,,,,
,????? MAXIMATICPLUS MONKEY.D.LUFFY ?,2,?20cm,?1?,?????,16,2026-06,NULL,,got,1,https://res.cloudinary.com/dq60t7nqg/image/upload/v1776406106/One_Piece_MAXIMATICPLUS_MONKEY_D_LUFFY_II_tlsubs.jpg,,,,,"MAXIMATICPLUS???????MONKEY.D.LUFFY?????
???????????????????",,,,
,????? #hololive IF -Relax time-?????,18,?12cm,?1?,????? #hololive,18,2026-03,2026-03-26,2026-03-26,got,1,https://res.cloudinary.com/dq60t7nqg/image/upload/v1777458379/hololive_if_relax_time_oozora_subaru_ww8p4x.jpg,https://res.cloudinary.com/dq60t7nqg/image/upload/v1777458379/hololive_if_relax_time_oozora_subaru2_we9xdu.jpg,https://res.cloudinary.com/dq60t7nqg/image/upload/v1777458379/hololive_if_relax_time_oozora_subaru3_cardr3.jpg,https://res.cloudinary.com/dq60t7nqg/image/upload/v1777458380/hololive_if_relax_time_oozora_subaru4_d38bon.jpg,https://res.cloudinary.com/dq60t7nqg/image/upload/v1777458372/hololive_if_relax_time_oozora_subaru5_hghre6.jpg,"???????????????????????????#hololive IF???????????????????????????????????????????????Relax time???????2???????????????????????????????????????!

?????????
?????2??????????e-sports????????????????????????????????????????????????????????????????????!!!!!!!!!!!",,,,
,????? #hololive IF -Relax time-?????~?????ver.~,18,?12cm,?1?,????? #hololive,18,2026-03,2026-03-26,2026-03-26,got,1,https://res.cloudinary.com/dq60t7nqg/image/upload/v1777458372/hololive_if_relax_time_shirogane_noel_danchomu_ver_t02flf.jpg,https://res.cloudinary.com/dq60t7nqg/image/upload/v1777458372/hololive_if_relax_time_shirogane_noel_danchomu_ver2_flwql6.jpg,https://res.cloudinary.com/dq60t7nqg/image/upload/v1777458373/hololive_if_relax_time_shirogane_noel_danchomu_ver3_mrcgrf.jpg,https://res.cloudinary.com/dq60t7nqg/image/upload/v1777458372/hololive_if_relax_time_shirogane_noel_danchomu_ver4_hffvdz.jpg,https://res.cloudinary.com/dq60t7nqg/image/upload/v1777458373/hololive_if_relax_time_shirogane_noel_danchomu_ver5_trsu2m.jpg,"???????????????????????????#hololive IF???????????????????????????????????????????????Relax time???????3????????????????????????????????????????????????

?????????
?????3????????????????????????????????? ???????????????????????????????VTuber??????????

??????????????????????????
2024?10?????????????????????????????????????????????????????????????????????????????????????",,,,
,Re:???????????? -Relax time-?? Sweet Angel ver.,17,?13cm,?1?,Re:????????????,18,2026-04,2026-04-28,2026-04-28,got,1,https://res.cloudinary.com/dq60t7nqg/image/upload/v1777458377/tv_anime_re_zero_kara_hajimeru_isekai_seikatsu_yori_ram_ga_tenshi_no_yosoi_de_relax_time_ni_toujou_ggewr1.jpg,https://res.cloudinary.com/dq60t7nqg/image/upload/v1777458377/tv_anime_re_zero_kara_hajimeru_isekai_seikatsu_yori_ram_ga_tenshi_no_yosoi_de_relax_time_ni_toujou2_syuyzi.jpg,https://res.cloudinary.com/dq60t7nqg/image/upload/v1777458378/tv_anime_re_zero_kara_hajimeru_isekai_seikatsu_yori_ram_ga_tenshi_no_yosoi_de_relax_time_ni_toujou3_sdycrx.jpg,https://res.cloudinary.com/dq60t7nqg/image/upload/v1777458378/tv_anime_re_zero_kara_hajimeru_isekai_seikatsu_yori_ram_ga_tenshi_no_yosoi_de_relax_time_ni_toujou4_rts6ka.jpg,https://res.cloudinary.com/dq60t7nqg/image/upload/v1777458378/tv_anime_re_zero_kara_hajimeru_isekai_seikatsu_yori_ram_ga_tenshi_no_yosoi_de_relax_time_ni_toujou5_gngtiw.jpg,TV????Re:?????????????????????????Relax time???!,,,,
,????? #hololive IF -Relax time-????,18,?12cm,?1?,????? #hololive,18,2026-04,2026-04-28,2026-04-28,got,1,https://res.cloudinary.com/dq60t7nqg/image/upload/v1777458373/hololive_if_relax_time_todoroki_hajime_z7gjbc.jpg,https://res.cloudinary.com/dq60t7nqg/image/upload/v1777458373/hololive_if_relax_time_todoroki_hajime2_c807yk.jpg,https://res.cloudinary.com/dq60t7nqg/image/upload/v1777458374/hololive_if_relax_time_todoroki_hajime3_ijgpqy.jpg,https://res.cloudinary.com/dq60t7nqg/image/upload/v1777458374/hololive_if_relax_time_todoroki_hajime4_fgboc2.jpg,https://res.cloudinary.com/dq60t7nqg/image/upload/v1777458375/hololive_if_relax_time_todoroki_hajime5_zuy6qg.jpg,"???????????????????????????#hololive IF???????????????????????????????????????????????Relax time??hololive DEV_IS ReGLOSS???????????????????????????????????????????!2025?3??????????????

??????
????????????????????????????????????????????????????????????????????????????????????????????????????????????????????????",,,,
,???????????????????????? -Relax time-????,19,?13cm,?1?,????????????????????????,18,2026-05,2026-05-14,,un,0,https://res.cloudinary.com/dq60t7nqg/image/upload/v1777458376/otonari_no_tenshi_sama_ni_itsu_no_ma_ni_ka_dame_ningen_ni_sareteita_ken_relax_time_shiina_mahiru_kev3lf.jpg,https://res.cloudinary.com/dq60t7nqg/image/upload/v1777458377/otonari_no_tenshi_sama_ni_itsu_no_ma_ni_ka_dame_ningen_ni_sareteita_ken_relax_time_shiina_mahiru2_jevx4r.jpg,,,,"?????2025?3????????????????????????????? -Relax time-?????????2????????????????????????? ???7???????????????!?????????????????????????!

?2025?3????????????????????????????? -Relax time-???????????????
???????????????????????????????????",,,,
,????? BATTLE RECORD COLLECTION-MONKEY.D.LUFFY GEAR5 ?-,2,?17cm,?1?,?????,13,2026-03,2026-03-12,2026-03-12,got,1,https://res.cloudinary.com/dq60t7nqg/image/upload/v1776349426/one-piece_BATTLE_RECORD_COLLECTION-MONKEY.D.LUFFY_GEAR5_%E2%85%A1_s0c0vt.jpg,https://res.cloudinary.com/dq60t7nqg/image/upload/v1776349426/one-piece_BATTLE_RECORD_COLLECTION-MONKEY.D.LUFFY_GEAR5_%E2%85%A12_ufbbaq.jpg,https://res.cloudinary.com/dq60t7nqg/image/upload/v1776349426/one-piece_BATTLE_RECORD_COLLECTION-MONKEY.D.LUFFY_GEAR5_%E2%85%A13_zehdbj.jpg,,,?BATTLE RECORD COLLECTION?????????????D????????5?????!,,,,
,????? BATTLE RECORD COLLECTION-MONKEY.D.GARP ?-,2,?16cm,?1?,?????,13,2026-03,2026-03-12,2026-03-12,got,1,https://res.cloudinary.com/dq60t7nqg/image/upload/v1776350370/one-piece_BATTLE_RECORD_COLLECTION-MONKEY.D.GARP_%E2%85%A1_iqziri.jpg,https://res.cloudinary.com/dq60t7nqg/image/upload/v1776350370/one-piece_BATTLE_RECORD_COLLECTION-MONKEY.D.GARP_%E2%85%A12_uyv1a2.jpg,https://res.cloudinary.com/dq60t7nqg/image/upload/v1776350370/one-piece_BATTLE_RECORD_COLLECTION-MONKEY.D.GARP_%E2%85%A13_dgaqcx.jpg,,,?BATTLE RECORD COLLECTION?????????????D??????????????!,,,,
,????? BATTLE RECORD COLLECTION-GOL.D.ROGER-,2,?17cm,?1?,?????,13,2026-03,2026-03-18,2026-03-18,got,1,https://res.cloudinary.com/dq60t7nqg/image/upload/v1776356315/one-piece_BATTLE_RECORD_COLLECTION-GOL.D.ROGER_lgs48z.jpg,https://res.cloudinary.com/dq60t7nqg/image/upload/v1776356315/one-piece_BATTLE_RECORD_COLLECTION-GOL.D.ROGER2_yg7h0e.jpg,https://res.cloudinary.com/dq60t7nqg/image/upload/v1776356315/one-piece_BATTLE_RECORD_COLLECTION-GOL.D.ROGER3_lvtivz.jpg,,,?BATTLE RECORD COLLECTION????????????D???????????????!,,,,
,????? BATTLE RECORD COLLECTION-SILVERS.RAYLEIGH-,2,?16cm,?1?,?????,13,2026-03,2026-03-18,2026-03-18,got,1,https://res.cloudinary.com/dq60t7nqg/image/upload/v1776356317/one-piece_BATTLE_RECORD_COLLECTION-SILVERS.RAYLEIGH_dhsofr.jpg,https://res.cloudinary.com/dq60t7nqg/image/upload/v1776356318/one-piece_BATTLE_RECORD_COLLECTION-SILVERS.RAYLEIGH2_ehjg9j.jpg,https://res.cloudinary.com/dq60t7nqg/image/upload/v1776356315/one-piece_BATTLE_RECORD_COLLECTION-GOL.D.ROGER_lgs48z.jpg,,,?BATTLE RECORD COLLECTION????????????????????????????!,,,,
,????? BATTLE RECORD COLLECTION-GLORIOSA-,2,?18cm,?1?,?????,13,2026-04,2026-04-14,2026-04-14,got,1,https://res.cloudinary.com/dq60t7nqg/image/upload/v1776356852/one-piece_BATTLE_RECORD_COLLECTION-GLORIOSA_ogicwb.jpg,https://res.cloudinary.com/dq60t7nqg/image/upload/v1776356853/one-piece_BATTLE_RECORD_COLLECTION-GLORIOSA2_uox7uo.jpg,https://res.cloudinary.com/dq60t7nqg/image/upload/v1776356852/one-piece_BATTLE_RECORD_COLLECTION-GLORIOSA3_copors.jpg,https://res.cloudinary.com/dq60t7nqg/image/upload/v1776356853/one-piece_BATTLE_RECORD_COLLECTION-GLORIOSA4_eqdbyf.jpg,,?BATTLE RECORD COLLECTION??????????????????!,,,,
,????? BATTLE RECORD COLLECTION-MISS BUCKINGHAM STUSSY-,2,?12cm,?1?,?????,13,2026-04,2026-04-14,2026-04-14,got,1,https://res.cloudinary.com/dq60t7nqg/image/upload/v1776357271/one-piece_BATTLE_RECORD_COLLECTION-MISS_BUCKINGHAM_STUSSY_pwume8.jpg,https://res.cloudinary.com/dq60t7nqg/image/upload/v1776357270/one-piece_BATTLE_RECORD_COLLECTION-MISS_BUCKINGHAM_STUSSY2_b3gpto.jpg,https://res.cloudinary.com/dq60t7nqg/image/upload/v1776357270/one-piece_BATTLE_RECORD_COLLECTION-MISS_BUCKINGHAM_STUSSY3_paoloz.jpg,https://res.cloudinary.com/dq60t7nqg/image/upload/v1776357272/one-piece_BATTLE_RECORD_COLLECTION-MISS_BUCKINGHAM_STUSSY4_zrqofs.jpg,,?BATTLE RECORD COLLECTION????????????????????????????!,,,,
,????? BATTLE RECORD COLLECTION-SHIKI-,2,?16cm,?1?,?????,13,2026-04,2026-04-16,2026-04-16,got,1,https://res.cloudinary.com/dq60t7nqg/image/upload/v1776357276/one-piece_BATTLE_RECORD_COLLECTION-SHIKI_resx6p.jpg,https://res.cloudinary.com/dq60t7nqg/image/upload/v1776357277/one-piece_BATTLE_RECORD_COLLECTION-SHIKI2_whh7lp.jpg,https://res.cloudinary.com/dq60t7nqg/image/upload/v1776357278/one-piece_BATTLE_RECORD_COLLECTION-SHIKI3_jlbnmn.jpg,https://res.cloudinary.com/dq60t7nqg/image/upload/v1776357278/one-piece_BATTLE_RECORD_COLLECTION-SHIKI4_mwkfne.jpg,,?BATTLE RECORD COLLECTION??????????????!,,,,
,????? BATTLE RECORD COLLECTION-CHARLOTTE KATAKURI-SPECIAL ver.,2,?20cm,?1?,?????,13,2026-04,2026-04-16,2026-04-16,got,1,https://res.cloudinary.com/dq60t7nqg/image/upload/v1776357624/one-piece_BATTLE_RECORD_COLLECTION-CHARLOTTE_KATAKURI-SPECIAL_ver_izjw1m.jpg,https://res.cloudinary.com/dq60t7nqg/image/upload/v1776357623/one-piece_BATTLE_RECORD_COLLECTION-CHARLOTTE_KATAKURI-SPECIAL_ver2_ukq0gg.jpg,https://res.cloudinary.com/dq60t7nqg/image/upload/v1776357624/one-piece_BATTLE_RECORD_COLLECTION-CHARLOTTE_KATAKURI-SPECIAL_ver3._hm102x.jpg,,,"?BATTLE RECORD COLLECTION????????????????????????????????!

?2020?9?????????? BATTLE RECORD COLLECTION-CHARLOTTE KATAKURI-???????????????????",,,,
,????? BATTLE RECORD COLLECTION EXTRA-KAIDOU-,2,?20cm,?1?,?????,13,2026-04,2026-04-28,2026-04-28,got,1,https://res.cloudinary.com/dq60t7nqg/image/upload/v1776357620/one-piece_BATTLE_RECORD_COLLECTION_EXTRA-KAIDOU_mafptc.jpg,https://res.cloudinary.com/dq60t7nqg/image/upload/v1776357620/one-piece_BATTLE_RECORD_COLLECTION_EXTRA-KAIDOU2_u1ow7r.jpg,https://res.cloudinary.com/dq60t7nqg/image/upload/v1776357621/one-piece_BATTLE_RECORD_COLLECTION_EXTRA-KAIDOU3_pm4p3b.jpg,https://res.cloudinary.com/dq60t7nqg/image/upload/v1776357621/one-piece_BATTLE_RECORD_COLLECTION_EXTRA-KAIDOU4_hxwgyv.jpg,,?BATTLE RECORD COLLECTION????????????????!,,,,
,????? BATTLE RECORD COLLECTION-CAPTAIN JOHN-,2,?21cm,?1?,?????,13,2026-05,2026-05-12,,un,0,https://res.cloudinary.com/dq60t7nqg/image/upload/v1777459392/one_piece_battle_record_collection_captain_john_vel0mc.jpg,https://res.cloudinary.com/dq60t7nqg/image/upload/v1777459392/one_piece_battle_record_collection_captain_john2_tabsei.jpg,https://res.cloudinary.com/dq60t7nqg/image/upload/v1777459392/one_piece_battle_record_collection_captain_john3_bgqrkc.jpg,https://res.cloudinary.com/dq60t7nqg/image/upload/v1777459393/one_piece_battle_record_collection_captain_john4_yyulml.jpg,,"?BATTLE RECORD COLLECTION?????????????????????!
?BATTLE RECORD COLLECTION???????4?????????????????????????????????????????5???????????????????KING OF ARTIST?????????????????????????????????????!",,,,
,????? BATTLE RECORD COLLECTION EXTRA-CHARLOTTE LINLIN-,2,?21cm,?1?,?????,13,2026-05,2026-05-26,,un,0,https://res.cloudinary.com/dq60t7nqg/image/upload/v1777459766/one_piece_battle_record_collection_extra_charlotte_linlin_nj1wds.jpg,https://res.cloudinary.com/dq60t7nqg/image/upload/v1777459766/one_piece_battle_record_collection_extra_charlotte_linlin2_qrr8pb.jpg,https://res.cloudinary.com/dq60t7nqg/image/upload/v1777459766/one_piece_battle_record_collection_extra_charlotte_linlin3_lzhcji.jpg,https://res.cloudinary.com/dq60t7nqg/image/upload/v1777459767/one_piece_battle_record_collection_extra_charlotte_linlin4_nfowxa.jpg,,"?BATTLE RECORD COLLECTION???????????????????????!
?BATTLE RECORD COLLECTION???????4?????????????????????????????????????????5?????????????????KING OF ARTIST?????????????????????????????????????!",,,,
,????????Desktop Cute ??????????~?????Cat room wear ver.~,23,?13cm,?1?,?????? ,22,2026-03,NULL,,un,0,https://res.cloudinary.com/dq60t7nqg/image/upload/v1777491440/gotoubun_no_hanayome_desktop_cute_nakano_yotsuba_kakioroshi_cat_room_wear_ver_hunw5y.png,,,,,,,,,
,????????Desktop Cute ????????????~??ver.~Renewal,25,?13cm,?1?,???????,22,2026-03,NULL,,un,0,https://res.cloudinary.com/dq60t7nqg/image/upload/v1777491457/overlord_desktop_cute_shalltear_swimsuit_ver_renewal_gzqrf0.png ,,,,,,,,,
,??????????!??Desktop Cute ?????????~?????ver.~,47,?13cm,?1?,??????????,22,2026-03,NULL,,un,0,https://res.cloudinary.com/dq60t7nqg/image/upload/v1777491487/uzaki_chan_wa_asobitai_omega_desktop_cute_uzaki_tsuki_hamabe_de_swimsuit_ver_olfxax.png ,,,,,,,,,
,???????Desktop Cute ????????~Rabbit room wear ver.~,20,?13cm,?1?,????,22,2026-03,NULL,,un,0,https://res.cloudinary.com/dq60t7nqg/image/upload/v1777491457/oshinoko_desktop_cute_ai_rabbit_room_wear_ver_eu4wnz.png ,,,,,,,,,
,??????????????Desktop Cute ??????????~T???ver.~,21,?13cm,?1?,?????????????,22,2026-03,NULL,,un,0,https://res.cloudinary.com/dq60t7nqg/image/upload/v1777491481/sono_bisque_doll_wa_koi_wo_suru_desktop_cute_inui_jujyu_t_shirt_ver_szvjnx.png ,,,,,,,,,
,To LOVE?-????-??????Desktop Cute ???????????~???????ver.~,22,?13cm,?1?,To LOVE?,22,2026-03,NULL,,got,0,https://res.cloudinary.com/dq60t7nqg/image/upload/v1777491483/to_love_ru_darkness_desktop_cute_sairenji_haruna_china_dress_ver_gjnbfb.png ,,,,,,,,,
,????????Desktop Cute ??????????~?????Cat room wear ver.~,23,?13cm,?1?,?????? ,22,2026-04,NULL,,un,0,https://res.cloudinary.com/dq60t7nqg/image/upload/v1777491439/gotoubun_no_hanayome_desktop_cute_nakano_itsuki_kakioroshi_cat_room_wear_ver_lug481.png ,,,,,,,,,
,To LOVE?-????-??????Desktop Cute ??????????~???????ver.~Renewal,22,?13cm,?1?,To LOVE?,22,2026-04,NULL,,un,0,https://res.cloudinary.com/dq60t7nqg/image/upload/v1777491484/to_love_ru_darkness_desktop_cute_yami_kogane_china_dress_ver_renewal_bzpuj0.png ,,,,,,,,,
,???????? ???????Desktop Cute ?????????~?????ver.~,24,?13cm,?1?,???????? ??????,22,2026-04,2026-04-25,2026-04-25,got,1,https://res.cloudinary.com/dq60t7nqg/image/upload/v1777491441/made_in_abyss_retsujitsu_no_ougonkyou_desktop_cute_nanachi_shokuji_no_jikan_ver_neu1pd.png ,,,,,,,,,
,?????????Desktop Cute ???????????~????????ver.~,12,?13cm,?1?,????????,22,2026-04,2026-04-29,2026-04-29,got,1,https://res.cloudinary.com/dq60t7nqg/image/upload/v1777491482/sousou_no_frieren_desktop_cute_frieren_summer_one_piece_ver_ksdhgz.png ,,,,,,,,,
,??????????????Coreful ???????????~????ver.~,21,?18cm,?1?,?????????????,22,2026-04,2026-04-29,2026-04-29,got,1,https://res.cloudinary.com/dq60t7nqg/image/upload/v1777491481/Sono_Bisque_Doll_wa_Koi_wo_Suru_Coreful_Figure_Kitagawa_Marin_Veronica_ver._v00foe.png ,,,,,,,,,
,To LOVE?-????-??????Desktop Cute ????????~??????ver.~,22,?13cm,?1?,To LOVE?,22,2026-05,NULL,,un,0,https://res.cloudinary.com/dq60t7nqg/image/upload/v1777491485/To_LOVEru_Darkness_Desktop_Cute_Figure_Momo_Roomwear_ver._x0xl4v.png ,,,,,,,,,
,??????????!??Desktop Cute ?????????~?????ver.~,47,?13cm,?1?,??????????,22,2026-05,NULL,,un,0,https://res.cloudinary.com/dq60t7nqg/image/upload/v1777491486/Uzaki_chan_wa_Asobitai_Omega_Desktop_Cute_Figure_Uzaki_Hana_Hamabe_de_Mizugi_ver._cig0co.png ,,,,,,,,,
,????????Desktop Cute ??????????~?????ver.~,25,?13cm,?1?,???????,22,2026-05,NULL,,un,0,https://res.cloudinary.com/dq60t7nqg/image/upload/v1777491440/Overlord_Desktop_Cute_Figure_Albedo_Negligee_ver._hub9w8.png ,,,,,,,,,
,????????????????Coreful ??????????,24,?15cm,?1?,???????? ??????,23,2026-03,NULL,,got,1,https://res.cloudinary.com/dq60t7nqg/image/upload/v1777519542/Made_in_Abyss_Retsujitsu_no_Ougonkyou_Coreful_Figure_Faputa_zxhkgk.png ,,,,,,,,,
,????Coreful ??????~?????????ver.~,15,?18cm,?1?,???,23,2026-04,NULL,,un,0,https://res.cloudinary.com/dq60t7nqg/image/upload/v1777491496/sakura_miku_coreful_figure_kakioroshi_wafuu_kissa_ver_og99ie.png ,,,,,,,,,
,??????Coreful ??????????~???ver.~Renewal,30,?18cm,?1?,?????,23,2026-04,NULL,,un,0,https://res.cloudinary.com/dq60t7nqg/image/upload/v1777491495/majono_tabitabi_coreful_figure_elaina_dress_ver_renewal_ierioh.png ,,,,,,,,,
,MARVELLuminasta�??????�Ver.2,48,?14cm,?1?,MARVEL,28,2026-03,2026-03-06,,un,0,https://res.cloudinary.com/dq60t7nqg/image/upload/v1777491765/marvel_luminasta_deadpool_ver_2__tjkyui.webp ,https://res.cloudinary.com/dq60t7nqg/image/upload/v1777491766/marvel_luminasta_deadpool_ver_2_2_v6wojr.webp ,https://res.cloudinary.com/dq60t7nqg/image/upload/v1777491767/marvel_luminasta_deadpool_ver_2_3_br9iug.webp ,https://res.cloudinary.com/dq60t7nqg/image/upload/v1777491769/marvel_luminasta_deadpool_ver_2_4_stvfkm.webp ,https://res.cloudinary.com/dq60t7nqg/image/upload/v1777491770/marvel_luminasta_deadpool_ver_2_5_rtemkr.webp ,????????????????????!,,,,
,???????Luminasta�???????�,26,?12cm,?1?,???????,28,2026-03,2026-03-06,2026-03-06,got,0,https://res.cloudinary.com/dq60t7nqg/image/upload/v1777491696/chainsaw_man_luminasta_chainsaw_man_am6rih.webp ,https://res.cloudinary.com/dq60t7nqg/image/upload/v1777491697/chainsaw_man_luminasta_chainsaw_man2_ierouu.webp ,https://res.cloudinary.com/dq60t7nqg/image/upload/v1777491698/chainsaw_man_luminasta_chainsaw_man3_kx3mnb.webp ,https://res.cloudinary.com/dq60t7nqg/image/upload/v1777491699/chainsaw_man_luminasta_chainsaw_man4_kez8vq.webp ,https://res.cloudinary.com/dq60t7nqg/image/upload/v1777491700/chainsaw_man_luminasta_chainsaw_man5_ljei04.webp ,TV???????????????????????????!,,,,
,???????Luminasta�???�,26,?22cm,?1?,???????,28,2026-03,2026-03-13,,un,0,https://res.cloudinary.com/dq60t7nqg/image/upload/v1777491713/chainsaw_man_luminasta_power_w6ojk8.webp ,https://res.cloudinary.com/dq60t7nqg/image/upload/v1777491714/chainsaw_man_luminasta_power2_ko88bi.webp ,https://res.cloudinary.com/dq60t7nqg/image/upload/v1777491715/chainsaw_man_luminasta_power3_themnk.webp ,https://res.cloudinary.com/dq60t7nqg/image/upload/v1777491716/chainsaw_man_luminasta_power4_xc2wpj.webp ,https://res.cloudinary.com/dq60t7nqg/image/upload/v1777491717/chainsaw_man_luminasta_power5_v8qdsb.webp ,TV?????????????????????! ,,,,
,????Luminasta�??�??????,4,?22cm,?1?,????,28,2026-03,2026-03-13,2026-03-13,got,0,https://res.cloudinary.com/dq60t7nqg/image/upload/v1777491751/jujutsu_kaisen_luminasta_sukuna_fuga_kai_ycqesq.webp ,https://res.cloudinary.com/dq60t7nqg/image/upload/v1777491752/jujutsu_kaisen_luminasta_sukuna_fuga_kai2_snmixp.webp ,https://res.cloudinary.com/dq60t7nqg/image/upload/v1777491754/jujutsu_kaisen_luminasta_sukuna_fuga_kai3_tk0iht.webp ,https://res.cloudinary.com/dq60t7nqg/image/upload/v1777491755/jujutsu_kaisen_luminasta_sukuna_fuga_kai4_itu2kw.webp ,https://res.cloudinary.com/dq60t7nqg/image/upload/v1777491756/jujutsu_kaisen_luminasta_sukuna_fuga_kai5_s2fejp.webp ,TV??????????????????????????????!,,,,
,???????????????Luminasta�?????�,49,?21cm,?1?,???????,28,2026-03,2026-03-19,2026-03-19,got,0,https://res.cloudinary.com/dq60t7nqg/image/upload/v1777491779/akami_karubi_no_owarai_karubi_juku_luminasta_akami_karubi_gi4bbm.webp ,https://res.cloudinary.com/dq60t7nqg/image/upload/v1777491781/akami_karubi_no_owarai_karubi_juku_luminasta_akami_karubi2_mqrv7j.webp ,https://res.cloudinary.com/dq60t7nqg/image/upload/v1777491782/akami_karubi_no_owarai_karubi_juku_luminasta_akami_karubi3_taay68.webp ,https://res.cloudinary.com/dq60t7nqg/image/upload/v1777491783/akami_karubi_no_owarai_karubi_juku_luminasta_akami_karubi4_lbt0ha.webp ,https://res.cloudinary.com/dq60t7nqg/image/upload/v1777491562/akami_karubi_no_owarai_karubi_juku_luminasta_akami_karubi5_qz39bo.webp , ?????????????????????MC?????????�Luminasta(?????)�???!,,,,
,???????Luminasta�???�,4,?22cm,?1?,????,28,2026-03,2026-03-19,,un,0,https://res.cloudinary.com/dq60t7nqg/image/upload/v1777491708/chainsaw_man_luminasta_makima_ykytgw.webp ,https://res.cloudinary.com/dq60t7nqg/image/upload/v1777491709/chainsaw_man_luminasta_makima2_ei0eks.webp ,https://res.cloudinary.com/dq60t7nqg/image/upload/v1777491710/chainsaw_man_luminasta_makima3_oaxf0q.webp ,https://res.cloudinary.com/dq60t7nqg/image/upload/v1777491711/chainsaw_man_luminasta_makima4_tokxll.webp ,,TV??????????????????????! ,,,,
,????????Luminasta�??� ,4,?22cm,?1?,????,28,2026-03,2026-03-19,,un,0,https://res.cloudinary.com/dq60t7nqg/image/upload/v1777491757/jujutsu_kaisen_shimetsu_kaiyu_luminasta_choso_mzgidf.webp ,https://res.cloudinary.com/dq60t7nqg/image/upload/v1777491759/jujutsu_kaisen_shimetsu_kaiyu_luminasta_choso2_aswavi.webp ,https://res.cloudinary.com/dq60t7nqg/image/upload/v1777491760/jujutsu_kaisen_shimetsu_kaiyu_luminasta_choso3_nd6gju.webp ,https://res.cloudinary.com/dq60t7nqg/image/upload/v1777491761/jujutsu_kaisen_shimetsu_kaiyu_luminasta_choso4_esozud.webp ,https://res.cloudinary.com/dq60t7nqg/image/upload/v1777491762/jujutsu_kaisen_shimetsu_kaiyu_luminasta_choso5_tf8jpd.webp ,TV???????????????????!?????????????????????????,,,,
,????NEEDYGIRLOVERDOSE?Luminasta�???????????�,27,?18cm,?1?,NEEDYGIRLOVERDOSE,28,2026-05,2026-05-15,,un,0,https://res.cloudinary.com/dq60t7nqg/image/upload/v1777491572/anime_needy_girl_overdose_luminasta_chozetsu_saikawa_tenshi_chan_wdvvjj.webp ,https://res.cloudinary.com/dq60t7nqg/image/upload/v1777491573/anime_needy_girl_overdose_luminasta_chozetsu_saikawa_tenshi_chan2_ktmnma.webp ,https://res.cloudinary.com/dq60t7nqg/image/upload/v1777491574/anime_needy_girl_overdose_luminasta_chozetsu_saikawa_tenshi_chan3_ztp29d.webp ,https://res.cloudinary.com/dq60t7nqg/image/upload/v1777491576/anime_needy_girl_overdose_luminasta_chozetsu_saikawa_tenshi_chan4_bhoqgq.webp ,https://res.cloudinary.com/dq60t7nqg/image/upload/v1777491577/anime_needy_girl_overdose_luminasta_chozetsu_saikawa_tenshi_chan5_kagope.webp ,????NEEDY GIRL OVERDOSE??????????????????�Luminasta(?????)�???????????!?2024?1?????????????????????????????????????,,,,
,?????????Luminasta�?????� ,13,?18cm,?1?,????,28,2026-05,2026-05-15,,un,0,https://res.cloudinary.com/dq60t7nqg/image/upload/v1777491561/anime_kimetsu_no_yaiba_luminasta_kocho_shinobu_akxs6h.webp ,https://res.cloudinary.com/dq60t7nqg/image/upload/v1777491567/anime_kimetsu_no_yaiba_luminasta_kocho_shinobu2_ia5neb.webp ,https://res.cloudinary.com/dq60t7nqg/image/upload/v1777491569/anime_kimetsu_no_yaiba_luminasta_kocho_shinobu3_uqflx3.webp ,https://res.cloudinary.com/dq60t7nqg/image/upload/v1777491568/anime_kimetsu_no_yaiba_luminasta_kocho_shinobu4_sokjat.webp ,https://res.cloudinary.com/dq60t7nqg/image/upload/v1777491571/anime_kimetsu_no_yaiba_luminasta_kocho_shinobu5_kyinjx.webp ,??????????????????????????????�Luminasta(?????)�????????!????????????????????????????????????????!,,,,
,?????Yumemirize�????�,30,?24cm,?1?,?????,26,2026-05,2026-05-22,,un,0,https://res.cloudinary.com/dq60t7nqg/image/upload/v1777521112/majono_tabitabi_yumemirize_elaina2_wjb1oa.webp ,https://res.cloudinary.com/dq60t7nqg/image/upload/v1777521112/majono_tabitabi_yumemirize_elaina4_athhsf.webp ,https://res.cloudinary.com/dq60t7nqg/image/upload/v1777521112/majono_tabitabi_yumemirize_elaina3_n2izv1.webp ,https://res.cloudinary.com/dq60t7nqg/image/upload/v1777521112/majono_tabitabi_yumemirize_elaina_o72qcv.webp ,https://res.cloudinary.com/dq60t7nqg/image/upload/v1777521112/majono_tabitabi_yumemirize_elaina6_rfcuic.webp ,TV???????????????????????????�Yumemirize(??????)�?????????????????????? ,,,,
,????????Yumemirize�???�,29,?12cm,?1?,????????,26,2026-03,2026-03-27,2026-03-27,got,0,https://res.cloudinary.com/dq60t7nqg/image/upload/v1777521284/blue_archive_yumemirize_mutsuki_n74y9z.webp ,https://res.cloudinary.com/dq60t7nqg/image/upload/v1777521284/blue_archive_yumemirize_mutsuki2_k4eom9.webp ,https://res.cloudinary.com/dq60t7nqg/image/upload/v1777521285/blue_archive_yumemirize_mutsuki3_mepeoy.webp ,https://res.cloudinary.com/dq60t7nqg/image/upload/v1777521285/blue_archive_yumemirize_mutsuki4_xaw9vb.webp ,https://res.cloudinary.com/dq60t7nqg/image/upload/v1777521285/blue_archive_yumemirize_mutsuki5_p34wpz.webp ,????????????????????????????�Yumemirize(??????)�????!?????????????????????????????! ,,,,
,????????Yumemirize�??�,29,?12cm,?1?,????????,26,2026-03,2026-03-27,2026-03-27,got,0,https://res.cloudinary.com/dq60t7nqg/image/upload/v1777521113/blue_archive_yumemirize_aru_zcemot.webp ,https://res.cloudinary.com/dq60t7nqg/image/upload/v1777521114/blue_archive_yumemirize_aru2_vlfzcl.webp ,https://res.cloudinary.com/dq60t7nqg/image/upload/v1777521114/blue_archive_yumemirize_aru3_npvst1.webp ,https://res.cloudinary.com/dq60t7nqg/image/upload/v1777521114/blue_archive_yumemirize_aru5_vjefc5.webp ,https://res.cloudinary.com/dq60t7nqg/image/upload/v1777521115/blue_archive_yumemirize_aru4_hivtz5.webp ,???????????????????????????�Yumemirize(??????)�????!?????????????????????????????! ,,,,
,????????Yumemirize�???�,29,?13cm,?1?,????????,26,2026-04,2026-04-24,2026-04-24,got,0,https://res.cloudinary.com/dq60t7nqg/image/upload/v1777521115/blue_archive_yumemirize_haruka_ujj8q0.webp ,https://res.cloudinary.com/dq60t7nqg/image/upload/v1777521115/blue_archive_yumemirize_haruka2_p9puzo.webp ,https://res.cloudinary.com/dq60t7nqg/image/upload/v1777521115/blue_archive_yumemirize_haruka3_plzfbf.webp ,https://res.cloudinary.com/dq60t7nqg/image/upload/v1777521116/blue_archive_yumemirize_haruka4_m3d3ms.webp ,https://res.cloudinary.com/dq60t7nqg/image/upload/v1777521147/blue_archive_yumemirize_haruka5_z0noa7.webp ,????????????????????????????�Yumemirize(??????)�????!?????????????????????????????! ,,,,
,????????Yumemirize�???�,29,?14cm,?1?,????????,26,2026-04,2026-04-24,2026-04-24,got,0,https://res.cloudinary.com/dq60t7nqg/image/upload/v1777521282/blue_archive_yumemirize_kayoko_mi28j6.webp ,https://res.cloudinary.com/dq60t7nqg/image/upload/v1777521282/blue_archive_yumemirize_kayoko2_ibndxo.webp ,https://res.cloudinary.com/dq60t7nqg/image/upload/v1777521283/blue_archive_yumemirize_kayoko3_nz1hyx.webp ,https://res.cloudinary.com/dq60t7nqg/image/upload/v1777521283/blue_archive_yumemirize_kayoko4_uocfyx.webp ,https://res.cloudinary.com/dq60t7nqg/image/upload/v1777521283/blue_archive_yumemirize_kayoko5_oollkc.webp ,????????????????????????????�Yumemirize(??????)�????!?????????????????????????????! ,,,,
,TV??????????????????Yumemirize�?????�,21,?12cm,?1?,?????????????,26,2026-03,2026-03-27,2026-03-27,got,1,https://res.cloudinary.com/dq60t7nqg/image/upload/v1777521112/tv_anime_sono_bisque_doll_wa_koi_wo_suru_yumemirize_kitagawa_marin_sbwlyj.webp ,https://res.cloudinary.com/dq60t7nqg/image/upload/v1777521113/tv_anime_sono_bisque_doll_wa_koi_wo_suru_yumemirize_kitagawa_marin2_dbgrrh.webp ,,,,TV????????????????????????????????????????????????????????!,,,,
,?????:NIKKEYumemirize�??�,17,?11cm,?1?,?????:NIKKE ,26,2026-03,2026-03-13,,un,0,https://res.cloudinary.com/dq60t7nqg/image/upload/v1777521288/goddess_of_victory_nikke_yumemirize_nero_jsaimo.webp ,https://res.cloudinary.com/dq60t7nqg/image/upload/v1777521288/goddess_of_victory_nikke_yumemirize_nero2_arusmf.webp ,https://res.cloudinary.com/dq60t7nqg/image/upload/v1777521289/goddess_of_victory_nikke_yumemirize_nero3_e70wfe.webp ,https://res.cloudinary.com/dq60t7nqg/image/upload/v1777521289/goddess_of_victory_nikke_yumemirize_nero4_dq5v64.webp ,https://res.cloudinary.com/dq60t7nqg/image/upload/v1777521289/goddess_of_victory_nikke_yumemirize_nero5_c8uzhp.webp ,??????:NIKKE????????�Yumemirize(??????)�??????? ,,,,
,?????:NIKKEYumemirize�????�,17,?11cm,?1?,?????:NIKKE ,26,2026-03,2026-03-13,,un,0,https://res.cloudinary.com/dq60t7nqg/image/upload/v1777521112/goddess_of_victory_nikke_yumemirize_viper3_arpr0d.webp ,https://res.cloudinary.com/dq60t7nqg/image/upload/v1777521112/goddess_of_victory_nikke_yumemirize_viper5_atqeno.webp ,https://res.cloudinary.com/dq60t7nqg/image/upload/v1777521112/goddess_of_victory_nikke_yumemirize_viper6_lgkxb2.webp ,https://res.cloudinary.com/dq60t7nqg/image/upload/v1777521112/goddess_of_victory_nikke_yumemirize_viper6_lgkxb2.webp ,,??????:NIKKE??????????�Yumemirize(??????)�???????,,,,
,?????:NIKKEYumemirize�???�,17,?11cm,?1?,?????:NIKKE ,26,2026-03,2026-03-13,,un,0,https://res.cloudinary.com/dq60t7nqg/image/upload/v1777521286/goddess_of_victory_nikke_yumemirize_alice_e0as4k.webp ,https://res.cloudinary.com/dq60t7nqg/image/upload/v1777521286/goddess_of_victory_nikke_yumemirize_alice2_wvco0y.webp ,https://res.cloudinary.com/dq60t7nqg/image/upload/v1777521286/goddess_of_victory_nikke_yumemirize_alice4_bwq4oj.webp ,https://res.cloudinary.com/dq60t7nqg/image/upload/v1777521286/goddess_of_victory_nikke_yumemirize_alice3_mh00w1.webp ,https://res.cloudinary.com/dq60t7nqg/image/upload/v1777521287/goddess_of_victory_nikke_yumemirize_alice5_uu1dtt.webp ,??????:NIKKE?????????�Yumemirize(??????)�???????,,,,
,??????????????FIGURIZM?�??????(??)�,31,?25cm,?1?,??????????????,29,2026-03,2026-03-19,2026-03-19,got,0,https://res.cloudinary.com/dq60t7nqg/image/upload/v1777522158/shin_evangelion_gekijoban_figurizm_alpha_ayanami_rei_kasho_yikbqh.webp ,https://res.cloudinary.com/dq60t7nqg/image/upload/v1777522158/shin_evangelion_gekijoban_figurizm_alpha_ayanami_rei_kasho2_pbfgky.webp ,https://res.cloudinary.com/dq60t7nqg/image/upload/v1777522158/shin_evangelion_gekijoban_figurizm_alpha_ayanami_rei_kasho3_j0ydgs.webp ,https://res.cloudinary.com/dq60t7nqg/image/upload/v1777522158/shin_evangelion_gekijoban_figurizm_alpha_ayanami_rei_kasho4_kudq0r.webp ,https://res.cloudinary.com/dq60t7nqg/image/upload/v1777522159/shin_evangelion_gekijoban_figurizm_alpha_ayanami_rei_kasho5_j73b4k.webp ,?????????????????????????(??)?????????????????!??????????????????????????????! ,,,,
,????FIGURIZM?�??????????�,4,???18�21.5cm,?1?,????,29,2026-03,2026-03-27,2026-03-27,got,0,https://res.cloudinary.com/dq60t7nqg/image/upload/v1777522161/jujutsu_kaisen_figurizm_alpha_yatsuka_no_tsurugi_ikai_shinsho_mahogara2_jndhbo.webp ,https://res.cloudinary.com/dq60t7nqg/image/upload/v1777522161/jujutsu_kaisen_figurizm_alpha_yatsuka_no_tsurugi_ikai_shinsho_mahogara_w8mals.webp ,https://res.cloudinary.com/dq60t7nqg/image/upload/v1777522161/jujutsu_kaisen_figurizm_alpha_yatsuka_no_tsurugi_ikai_shinsho_mahogara3_ub4fgn.webp ,https://res.cloudinary.com/dq60t7nqg/image/upload/v1777522162/jujutsu_kaisen_figurizm_alpha_yatsuka_no_tsurugi_ikai_shinsho_mahogara4_plj3el.webp ,https://res.cloudinary.com/dq60t7nqg/image/upload/v1777522161/jujutsu_kaisen_figurizm_alpha_yatsuka_no_tsurugi_ikai_shinsho_mahogara5_k0dk84.webp ,TV????????????�FIGURIZM?(??????????)�???!?????????????????????????????????????????????????????????????,,,,
,????????FIGURIZM?�???�??????,4,???20�21cm,?1?,????,29,2026-04,2026-04-10,2026-04-10,got,0,https://res.cloudinary.com/dq60t7nqg/image/upload/v1777522157/jujutsu_kaisen_shibuya_jihen_figurizm_alpha_gojo_satoru_muryo_kusho_h9uduv.webp ,https://res.cloudinary.com/dq60t7nqg/image/upload/v1777522158/jujutsu_kaisen_shibuya_jihen_figurizm_alpha_gojo_satoru_muryo_kusho2_c8k0vi.webp ,https://res.cloudinary.com/dq60t7nqg/image/upload/v1777522158/jujutsu_kaisen_shibuya_jihen_figurizm_alpha_gojo_satoru_muryo_kusho3_pgcj9j.webp ,https://res.cloudinary.com/dq60t7nqg/image/upload/v1777522158/jujutsu_kaisen_shibuya_jihen_figurizm_alpha_gojo_satoru_muryo_kusho4_m67ht3.webp ,https://res.cloudinary.com/dq60t7nqg/image/upload/v1777522158/jujutsu_kaisen_shibuya_jihen_figurizm_alpha_gojo_satoru_muryo_kusho5_p0wn9g.webp ,TV??????????2??????????�FIGURIZM?(??????????)�????! ,,,,
,????????FIGURIZM?�????�-Punk!-,16,???20�23cm,?1?,????,29,2026-05,2026-05-22,,un,0,https://res.cloudinary.com/dq60t7nqg/image/upload/v1777522160/hatsune_miku_series_figurizm_alpha_hatsune_miku_punk_vieznf.webp ,https://res.cloudinary.com/dq60t7nqg/image/upload/v1777522160/hatsune_miku_series_figurizm_alpha_hatsune_miku_punk2_c4aj3a.webp ,https://res.cloudinary.com/dq60t7nqg/image/upload/v1777522159/hatsune_miku_series_figurizm_alpha_hatsune_miku_punk3_fmyh8q.webp ,https://res.cloudinary.com/dq60t7nqg/image/upload/v1777522160/hatsune_miku_series_figurizm_alpha_hatsune_miku_punk4_vwhowu.webp ,https://res.cloudinary.com/dq60t7nqg/image/upload/v1777522160/hatsune_miku_series_figurizm_alpha_hatsune_miku_punk5_fnwzzd.webp ,???????????????????????????????Punk!?????????????????????????????????????????????? ,,,,
,TV??????????????????XStellar�????� ,21,???8�19cm,?1?,?????????????,25,2026-03,2026-03-19,2026-03-19,got,1,https://res.cloudinary.com/dq60t7nqg/image/upload/v1777522529/tv_anime_sono_bisque_doll_wa_koi_wo_suru_xstellar_inui_sajuna_jt4q0w.webp ,https://res.cloudinary.com/dq60t7nqg/image/upload/v1777522530/tv_anime_sono_bisque_doll_wa_koi_wo_suru_xstellar_inui_sajuna2_qsdhb2.webp ,https://res.cloudinary.com/dq60t7nqg/image/upload/v1777522530/tv_anime_sono_bisque_doll_wa_koi_wo_suru_xstellar_inui_sajuna3_jhaaag.webp ,https://res.cloudinary.com/dq60t7nqg/image/upload/v1777522530/tv_anime_sono_bisque_doll_wa_koi_wo_suru_xstellar_inui_sajuna4_asyyyj.webp ,,TV???????????????????????????????????????! ,,,,
,TV??????????????????XStellar�?????�,21,???8�20cm,?1?,?????????????,25,2026-03,2026-03-13,2026-03-13,got,1,https://res.cloudinary.com/dq60t7nqg/image/upload/v1777522530/tv_anime_sono_bisque_doll_wa_koi_wo_suru_xstellar_kitagawa_marin_hpo0ll.webp ,https://res.cloudinary.com/dq60t7nqg/image/upload/v1777522530/tv_anime_sono_bisque_doll_wa_koi_wo_suru_xstellar_kitagawa_marin3_a749ci.webp ,https://res.cloudinary.com/dq60t7nqg/image/upload/v1777522531/tv_anime_sono_bisque_doll_wa_koi_wo_suru_xstellar_kitagawa_marin2_azhihn.webp ,https://res.cloudinary.com/dq60t7nqg/image/upload/v1777522531/tv_anime_sono_bisque_doll_wa_koi_wo_suru_xstellar_kitagawa_marin4_jtbe1e.webp ,https://res.cloudinary.com/dq60t7nqg/image/upload/v1777522531/tv_anime_sono_bisque_doll_wa_koi_wo_suru_xstellar_kitagawa_marin5_v0nnr7.webp ,TV????????????????????????????????????????! ,,,,
,?????????????????????XStellar�?????�~??????~ ,50,???5�18cm,?1?,?????????????????????,25,2026-05,2026-05-22,,un,0,https://res.cloudinary.com/dq60t7nqg/image/upload/v1777522525/yahari_ore_no_seishun_lovecome_wa_machigatteiru_kan_xstellar_isshiki_iroha_hokago_tooriame_ll2zpn.webp ,https://res.cloudinary.com/dq60t7nqg/image/upload/v1777522525/yahari_ore_no_seishun_lovecome_wa_machigatteiru_kan_xstellar_isshiki_iroha_hokago_tooriame4_m0gxey.webp ,https://res.cloudinary.com/dq60t7nqg/image/upload/v1777522525/yahari_ore_no_seishun_lovecome_wa_machigatteiru_kan_xstellar_isshiki_iroha_hokago_tooriame3_rhcwny.webp ,https://res.cloudinary.com/dq60t7nqg/image/upload/v1777522525/yahari_ore_no_seishun_lovecome_wa_machigatteiru_kan_xstellar_isshiki_iroha_hokago_tooriame2_fnldz0.webp ,https://res.cloudinary.com/dq60t7nqg/image/upload/v1777522526/yahari_ore_no_seishun_lovecome_wa_machigatteiru_kan_xstellar_isshiki_iroha_hokago_tooriame5_vfylur.webp ,�XStellar(?????)�???????????!?????Y?????????????????????6?????????????????????????!,,,,
,?????????????????????XStellar�?????�~??????~,50,???5�19cm,?1?,?????????????????????,25,2026-05,2026-05-22,,un,0,https://res.cloudinary.com/dq60t7nqg/image/upload/v1777522526/yahari_ore_no_seishun_lovecome_wa_machigatteiru_kan_xstellar_yukinoshita_yukino_hokago_tooriame_hzw3uh.webp ,https://res.cloudinary.com/dq60t7nqg/image/upload/v1777522526/yahari_ore_no_seishun_lovecome_wa_machigatteiru_kan_xstellar_yukinoshita_yukino_hokago_tooriame2_n156xx.webp ,https://res.cloudinary.com/dq60t7nqg/image/upload/v1777522526/yahari_ore_no_seishun_lovecome_wa_machigatteiru_kan_xstellar_yukinoshita_yukino_hokago_tooriame4_gft7wr.webp ,https://res.cloudinary.com/dq60t7nqg/image/upload/v1777522526/yahari_ore_no_seishun_lovecome_wa_machigatteiru_kan_xstellar_yukinoshita_yukino_hokago_tooriame3_n84z89.webp ,https://res.cloudinary.com/dq60t7nqg/image/upload/v1777522526/yahari_ore_no_seishun_lovecome_wa_machigatteiru_kan_xstellar_yukinoshita_yukino_hokago_tooriame6_aexbne.webp ,�XStellar(?????)�???????????!?????Y?????????????????????6?????????????????????????! ,,,,
,Re:????????????XStellar�??�-???????-,17,???8�22cm,?1?,Re:????????????,25,2026-05,2026-05-15,,un,0,https://res.cloudinary.com/dq60t7nqg/image/upload/v1777522527/re_zero_kara_hajimeru_isekai_seikatsu_xstellar_ram_mofumofu_pack_fyghl6.webp ,https://res.cloudinary.com/dq60t7nqg/image/upload/v1777522527/re_zero_kara_hajimeru_isekai_seikatsu_xstellar_ram_mofumofu_pack2_xavavy.webp ,https://res.cloudinary.com/dq60t7nqg/image/upload/v1777522527/re_zero_kara_hajimeru_isekai_seikatsu_xstellar_ram_mofumofu_pack3_flb8av.webp ,https://res.cloudinary.com/dq60t7nqg/image/upload/v1777522528/re_zero_kara_hajimeru_isekai_seikatsu_xstellar_ram_mofumofu_pack4_gtafum.webp ,https://res.cloudinary.com/dq60t7nqg/image/upload/v1777522528/re_zero_kara_hajimeru_isekai_seikatsu_xstellar_ram_mofumofu_pack5_miybgx.webp ,?????????????????????????�XStellar(?????)�????!????????????! ,,,,
,Re:????????????XStellar�??�-???????-,17,???8�22cm,?1?,Re:????????????,25,2026-05,2026-05-15,,un,0,https://res.cloudinary.com/dq60t7nqg/image/upload/v1777522528/re_zero_kara_hajimeru_isekai_seikatsu_xstellar_rem_mofumofu_pack_sskg5g.webp ,https://res.cloudinary.com/dq60t7nqg/image/upload/v1777522528/re_zero_kara_hajimeru_isekai_seikatsu_xstellar_rem_mofumofu_pack2_fg0tmw.webp ,https://res.cloudinary.com/dq60t7nqg/image/upload/v1777522529/re_zero_kara_hajimeru_isekai_seikatsu_xstellar_rem_mofumofu_pack3_dspque.webp ,https://res.cloudinary.com/dq60t7nqg/image/upload/v1777522529/re_zero_kara_hajimeru_isekai_seikatsu_xstellar_rem_mofumofu_pack4_er8jip.webp ,,?????????????????????????�XStellar(?????)�????!????????????!,,,,
,Trio-Try-iT Figure????,14,?21cm,?1?,????? ,31,2026-03,,,un,0,https://res.cloudinary.com/dq60t7nqg/image/upload/v1777539209/trio_try_it_figure_momo_ptk1gt.png,,,,,,,,,
,Trio-Try-iT Figure-????-,34,?19cm,?1?,??????????????????????!(?????????!?) ,31,2026-03,,,un,0,https://res.cloudinary.com/dq60t7nqg/image/upload/v1777539200/trio_try_it_figure_otsuka_mayui_nac4z4.png,,,,,,,,,
,Trio-Try-iT Figure?????,35,?21cm,?1?,??? ,31,2026-03,,,got,1,https://res.cloudinary.com/dq60t7nqg/image/upload/v1777539205/trio_try_it_figure_ika_musume_yvwahd.png,,,,,,,,,
,Trio-Try-iT Figure??????,36,?13cm,?1?,?????????? ,31,2026-03,,,un,0,https://res.cloudinary.com/dq60t7nqg/image/upload/v1777539206/trio_try_it_figure_izumi_yuki_v0aesf.png,,,,,,,,,
,Trio-Try-iT Figure-????????????-,22,?19cm,?1?,To LOVE? ,31,2026-03,,,got,1,https://res.cloudinary.com/dq60t7nqg/image/upload/v1777539098/trio_try_it_figure_momo_belia_deviluke_xih7s4.png,,,,,,,,,
,Trio-Try-iT-Figure-????-,10,?21cm,?1?,??????????? ,31,2026-04,,,un,0,https://res.cloudinary.com/dq60t7nqg/image/upload/v1777539204/trio_try_it_figure_bakugo_katsuki_drtbdj.png,,,,,,,,,
,Trio-Try-iT-Figure-????-,10,?21cm,?1?,??????????? ,31,2026-04,,,un,0,https://res.cloudinary.com/dq60t7nqg/image/upload/v1777539209/trio_try_it_figure_midoriya_izuku_no2hlz.png,,,,,,,,,
,Trio-Try-iT Figure???????,12,?17cm,?1?,????????,31,2026-04,,,got,1,https://res.cloudinary.com/dq60t7nqg/image/upload/v1777539203/trio_try_it_figure_frieren_xpqwsy.png,,,,,,,,,
,Trio-Try-iT Figure-?????????,37,?22cm,?1?,??? ????????? ,31,2026-04,,,got,1,https://res.cloudinary.com/dq60t7nqg/image/upload/v1777539098/trio_try_it_figure_neo_universe_uhpmet.png,,,,,,,,,
,Trio-Try-iT Figure??????,38,?21cm,?1?,?????~?~,31,2026-04,,,un,0,https://res.cloudinary.com/dq60t7nqg/image/upload/v1777539098/trio_try_it_figure_nueno_meisuke_xkonzx.png ,,,,,,,,,
,Trio-Try-iT Figure????(??)?,14,?19cm,?1?,????? ,31,2026-04,,,un,0,https://res.cloudinary.com/dq60t7nqg/image/upload/v1777539202/trio_try_it_figure_aira_henshin_bil0hk.png,,,,,,,,,
,Trio-Try-iT Figure-???-vol.2,39,?13cm,?1?,???,31,2026-04,,,un,0,https://res.cloudinary.com/dq60t7nqg/image/upload/v1777539205/trio_try_it_figure_inuyasha_vol_2_mr5etw.png,,,,,,,,,
,Trio-Try-iT Figure?????????RED ver.?,16,?19cm,?1?,???? ,31,2026-04,,,got,1,https://res.cloudinary.com/dq60t7nqg/image/upload/v1777539098/trio_try_it_figure_odekake_dress_red_ver_kfaeqr.png,,,,,,,,,
,Trio-Try-iT Figure??????,22,?20cm,?1?,To LOVE? ,31,2026-04,,,got,1,https://res.cloudinary.com/dq60t7nqg/image/upload/v1777539202/trio_try_it_figure_yuuki_mikan_xsiovt.png,,,,,,,,,
,Trio-Try-iT Figure????,40,?19cm,?1?,???????? ,31,2026-04,,,got,1,https://res.cloudinary.com/dq60t7nqg/image/upload/v1777539208/trio_try_it_figure_jinshi_pgf8df.png,,,,,,,,,
,Trio-Try-iT Figure????,40,?16cm,?1?,???????? ,31,2026-04,,,got,1,https://res.cloudinary.com/dq60t7nqg/image/upload/v1777539208/trio_try_it_figure_maomao_zkisft.png,,,,,,,,,
,Trio-Try-iT Figure??????,38,?21cm,?1?,?????~?~,31,2026-05,,,un,0,https://res.cloudinary.com/dq60t7nqg/image/upload/v1777539201/trio_try_it_figure_tamamo_kyosuke_aiordr.png ,,,,,,,,,
,Trio-Try-iT Figure?????,38,?19cm,?1?,?????~?~,31,2026-05,,,un,0,https://res.cloudinary.com/dq60t7nqg/image/upload/v1777539201/trio_try_it_figure_yukime_wmmydz.png ,,,,,,,,,
,Trio-Try-iT Figure???(??)?,14,?19cm,?1?,????? ,31,2026-05,,,un,0,https://res.cloudinary.com/dq60t7nqg/image/upload/v1777539206/trio_try_it_figure_jiji_henshin_df8gj5.png ,,,,,,,,,
,Trio-Try-iT Figure-???????,37,?21cm,?1?,??? ????????? ,31,2026-05,,,un,0,https://res.cloudinary.com/dq60t7nqg/image/upload/v1777539204/trio_try_it_figure_hishi_miracle_esfcjf.png ,,,,,,,,,
,Trio-Try-iT Figure??????,41,?17cm,?1?,?????,31,2026-05,,,un,0,https://res.cloudinary.com/dq60t7nqg/image/upload/v1777539207/trio_try_it_figure_izumi_konata_dowajb.png ,,,,,,,,,
,Trio-Try-iT Figure-???-vol.2,25,?17cm,?1?,???,31,2026-05,,,un,0,https://res.cloudinary.com/dq60t7nqg/image/upload/v1777539201/trio_try_it_figure_sesshomaru_vol_2_rotnca.png ,,,,,,,,,
,BiCute Bunnies Figure ????????,25,?26cm ,?1?,??????? ,32,2026-03,,,got,1,https://res.cloudinary.com/dq60t7nqg/image/upload/v1777539376/becutebunnies_figure_shalltear_fxlbvh.png,https://res.cloudinary.com/dq60t7nqg/image/upload/v1777539376/becutebunnies_figure_shalltear2_x8jr5k.png,https://res.cloudinary.com/dq60t7nqg/image/upload/v1777539377/becutebunnies_figure_shalltear3_kqlhxx.png ,,,,,,,
,BiCute Bunnies Figure ????????,42,?24cm,?1?,???????? ,32,2026-03,,,got,1,https://res.cloudinary.com/dq60t7nqg/image/upload/v1777539279/becutebunnies_figure_asahina_mikuru_v85jtc.png,https://res.cloudinary.com/dq60t7nqg/image/upload/v1777539317/becutebunnies_figure_asahina_mikuru2_tuqodr.png,https://res.cloudinary.com/dq60t7nqg/image/upload/v1777539373/becutebunnies_figure_asahina_mikuru3_dpowqo.png,,,,,,,
,BiCute Dark Figure ??????,43,?23cm,?1?,????????????,34,2026-03,,,got,1,https://res.cloudinary.com/dq60t7nqg/image/upload/v1777539430/becutedark_figure_leafa_sracch.png,https://res.cloudinary.com/dq60t7nqg/image/upload/v1777539432/becutedark_figure_leafa2_sleoov.png,https://res.cloudinary.com/dq60t7nqg/image/upload/v1777539432/becutedark_figure_leafa3_zxbsut.png ,,,,,,,
,BiCute Bunnies Figure ??????another costume?,25,?30cm,?1?,??????? ,32,2026-04,,,got,1,https://res.cloudinary.com/dq60t7nqg/image/upload/v1777539279/becutebunnies_figure_albedo_another_costume_adbn2z.png,https://res.cloudinary.com/dq60t7nqg/image/upload/v1777539279/becutebunnies_figure_albedo_another_costume2_ygvcrm.png,https://res.cloudinary.com/dq60t7nqg/image/upload/v1777539279/becutebunnies_figure_albedo_another_costume3_drwtow.png,,,,,,,
,BiCute Bunnies Figure ??????,22,?26cm ,?1?,To LOVE? ,32,2026-04,,,got,1,https://res.cloudinary.com/dq60t7nqg/image/upload/v1777539373/becutebunnies_figure_gold_darkness_hhpke6.png,https://res.cloudinary.com/dq60t7nqg/image/upload/v1777539373/becutebunnies_figure_gold_darkness2_yhul6g.png,https://res.cloudinary.com/dq60t7nqg/image/upload/v1777539374/becutebunnies_figure_gold_darkness3_bfndhh.png,,,,,,,
,BiCute Bunnie Figure ????? ????????ver.?,44,?28cm,?1?,????????????,32,2026-04,,,got,1,https://res.cloudinary.com/dq60t7nqg/image/upload/v1777539378/becutebunnies_figure_takarada_rikka_easter_bunny_ver_y4ubj6.png,https://res.cloudinary.com/dq60t7nqg/image/upload/v1777539377/becutebunnies_figure_takarada_rikka_easter_bunny_ver2_opcwlf.png,https://res.cloudinary.com/dq60t7nqg/image/upload/v1777539378/becutebunnies_figure_takarada_rikka_easter_bunny_ver3_lxht8v.png,,,,,,,
,BiCute Pure Figure ??????,45,?21cm,?1?,?????????,33,2026-04,,,got,1,https://res.cloudinary.com/dq60t7nqg/image/upload/v1777539450/becutepure_figure_hoshimiya_muku_wgqdll.png,https://res.cloudinary.com/dq60t7nqg/image/upload/v1777539657/becutepure_figure_hoshimiya_muku2_xhjnxz.png,https://res.cloudinary.com/dq60t7nqg/image/upload/v1777539450/becutepure_figure_hoshimiya_muku3_xjy9yo.png,,,,,,,
,BiCute Bunnies Figure ??????,46,?28cm,?1?,??????????,32,2026-05,,,un,1,https://res.cloudinary.com/dq60t7nqg/image/upload/v1777539374/becutebunnies_figure_himeji_mizuki_bazaol.png,https://res.cloudinary.com/dq60t7nqg/image/upload/v1777539374/becutebunnies_figure_himeji_mizuki2_ewfojt.png,https://res.cloudinary.com/dq60t7nqg/image/upload/v1777539375/becutebunnies_figure_himeji_mizuki3_iui3jx.png,,,,,,,
,BiCute Bunnies Figure ?????????????white ver.?,22,?27cm ,?1?,To LOVE? ,32,2026-05,,,un,1,https://res.cloudinary.com/dq60t7nqg/image/upload/v1777539375/becutebunnies_figure_momo_belia_deviluke_white_ver_lpl7ei.png,https://res.cloudinary.com/dq60t7nqg/image/upload/v1777539374/becutebunnies_figure_momo_belia_deviluke_white_ver2_bklgki.png,https://res.cloudinary.com/dq60t7nqg/image/upload/v1777539375/becutebunnies_figure_momo_belia_deviluke_white_ver3_bqik1n.png,,,,,,,
,BiCute Ribbons Figure ??????,25,?26cm ,?1?,??????? ,38,2026-05,,,un,1,https://res.cloudinary.com/dq60t7nqg/image/upload/v1777539439/bicute_ribbons_figure_albedo_tdskby.png,https://res.cloudinary.com/dq60t7nqg/image/upload/v1777539440/bicute_ribbons_figure_albedo2_qcx3we.png,https://res.cloudinary.com/dq60t7nqg/image/upload/v1777539438/bicute_ribbons_figure_albedo3_ysuuyk.png,,,,,,,
,BiCute Dark Figure ?????? ???ver.?,21,?25cm,?1?,?????????????,34,2026-05,,,un,1,https://res.cloudinary.com/dq60t7nqg/image/upload/v1777539430/becutedark_figure_kitagawa_marin_kuroe_shizuku_ver_o14wtk.png,https://res.cloudinary.com/dq60t7nqg/image/upload/v1777539431/becutedark_figure_kitagawa_marin_kuroe_shizuku_ver2_nbekzn.png,https://res.cloudinary.com/dq60t7nqg/image/upload/v1777539429/becutedark_figure_kitagawa_marin_kuroe_shizuku_ver3_o3kwvg.png,,,,,,,
,???????? Grandista-ROCKMAN.EXE,6,?24cm,?1?,?????,6,2026-05,,,un,1,https://res.cloudinary.com/dq60t7nqg/image/upload/v1777266380/Rokkuman_Eguze_Grandista-ROCKMAN.EXE_bzna3d.jpg ,https://res.cloudinary.com/dq60t7nqg/image/upload/v1777266378/Rokkuman_Eguze_Grandista-ROCKMAN.EXE2_jsuigt.jpg,,,,2001?????????????????????????????????????????????????????!,,,,
,??????????????????????Vol.1?????,18,?10cm,?3?,????? #hololive,35,2026-03,2026-03-13,,got,1,https://res.cloudinary.com/dq60t7nqg/image/upload/v1778346631/hololive_production_hikkake_figure_Vol.1_xydctn.png,,,,,??????????????????????????????????????????????????? ?1????????AZKi?????????3???!,,,,
,??????????????????????Vol.1AZKi,18,?10cm,?3?,????? #hololive,35,2026-03,2026-03-13,,got,1,https://res.cloudinary.com/dq60t7nqg/image/upload/v1778346631/hololive_production_hikkake_figure_Vol.1_xydctn.png,,,,,??????????????????????????????????????????????????? ?1????????AZKi?????????3???!,,,,
,??????????????????????Vol.1??????,18,?10cm,?3?,????? #hololive,35,2026-03,2026-03-13,,got,1,https://res.cloudinary.com/dq60t7nqg/image/upload/v1778346631/hololive_production_hikkake_figure_Vol.1_xydctn.png,,,,,??????????????????????????????????????????????????? ?1????????AZKi?????????3???!,,,,
,?????????????????????? Vol.2?????,18,?10cm,?3?,????? #hololive,35,2025-05,2025-05-22,,un,0,https://res.cloudinary.com/dq60t7nqg/image/upload/v1778346631/hololive_production_hikkake_figure_Vol.2_vdxqrv.png,,,,,????????????????????????????????????????????????????2?????????????????????3???!,,,,
,?????????????????????? Vol.2?????,18,?10cm,?3?,????? #hololive,35,2025-05,2025-05-22,,un,0,https://res.cloudinary.com/dq60t7nqg/image/upload/v1778346631/hololive_production_hikkake_figure_Vol.2_vdxqrv.png,,,,,????????????????????????????????????????????????????2?????????????????????3???!,,,,
,?????????????????????? Vol.2?????,18,?10cm,?3?,????? #hololive,35,2025-05,2025-05-22,,un,0,https://res.cloudinary.com/dq60t7nqg/image/upload/v1778346631/hololive_production_hikkake_figure_Vol.2_vdxqrv.png,,,,,????????????????????????????????????????????????????2?????????????????????3???!,,,,
,?????????????????????? Vol.3?????,18,?10cm,?3?,????? #hololive,35,2025-06,2025-06-27,,un,0,https://res.cloudinary.com/dq60t7nqg/image/upload/v1778346631/hololive_production_hikkake_figure_Vol.3_ctjd6b.png,,,,,????????????????????????????????????????????????????3?????????????????????3???!,,,,
,?????????????????????? Vol.3?????,18,?10cm,?3?,????? #hololive,35,2025-06,2025-06-27,,un,0,https://res.cloudinary.com/dq60t7nqg/image/upload/v1778346631/hololive_production_hikkake_figure_Vol.3_ctjd6b.png,,,,,????????????????????????????????????????????????????3?????????????????????3???!,,,,
,?????????????????????? Vol.3?????,18,?10cm,?3?,????? #hololive,35,2025-06,2025-06-27,,un,0,https://res.cloudinary.com/dq60t7nqg/image/upload/v1778346631/hololive_production_hikkake_figure_Vol.3_ctjd6b.png,,,,,????????????????????????????????????????????????????3?????????????????????3???!,,,,
,?????????????????????? Vol.4?????,18,?10cm,?3?,????? #hololive,35,2025-07,2025-07-26,,un,0,https://res.cloudinary.com/dq60t7nqg/image/upload/v1778346631/hololive_production_hikkake_figure_Vol.4_daprja.png,,,,,??????????????????????????????????????????????????? ?4????????????????????3???!,,,,
,?????????????????????? Vol.4?????,18,?10cm,?3?,????? #hololive,35,2025-07,2025-07-26,,un,0,https://res.cloudinary.com/dq60t7nqg/image/upload/v1778346631/hololive_production_hikkake_figure_Vol.4_daprja.png,,,,,??????????????????????????????????????????????????? ?4????????????????????3???!,,,,
,?????????????????????? Vol.4????,18,?10cm,?3?,????? #hololive,35,2025-07,2025-07-26,,un,0,https://res.cloudinary.com/dq60t7nqg/image/upload/v1778346631/hololive_production_hikkake_figure_Vol.4_daprja.png,,,,,??????????????????????????????????????????????????? ?4????????????????????3???!,,,,
,?????????????????????? Vol.5?????,18,?10cm,?2?,????? #hololive,35,2025-09,2025-09-26,,got,1,https://res.cloudinary.com/dq60t7nqg/image/upload/v1778346631/hololive_production_hikkake_figure_Vol.5_l7edoq.png,,,,,??????????????????????????????????????????????????? ?6??????????????2???!,,,,
,?????????????????????? Vol.5????,18,?10cm,?2?,????? #hololive,35,2025-09,2025-09-26,,got,1,https://res.cloudinary.com/dq60t7nqg/image/upload/v1778346631/hololive_production_hikkake_figure_Vol.5_l7edoq.png,,,,,??????????????????????????????????????????????????? ?6??????????????2???!,,,,
,??????????????????????Vol.6?????,18,?10cm,?2?,????? #hololive,35,2025-10,2025-10-24,,got,1,https://res.cloudinary.com/dq60t7nqg/image/upload/v1778346631/hololive_production_hikkake_figure_Vol.6_t6xg5w.png,,,,,??????????????????????????????????????????????????? ?7????????????????????2???!,,,,
,??????????????????????Vol.6??????????,18,?10cm,?2?,????? #hololive,35,2025-10,2025-10-24,,got,1,https://res.cloudinary.com/dq60t7nqg/image/upload/v1778346631/hololive_production_hikkake_figure_Vol.6_t6xg5w.png,,,,,??????????????????????????????????????????????????? ?7????????????????????2???!,,,,
,??????????????????????Vol.7??????????,18,?10cm,?3?,????? #hololive,35,2025-11,2025-11-21,,got,1,https://res.cloudinary.com/dq60t7nqg/image/upload/v1778346631/hololive_production_hikkake_figure_Vol.7_necjhl.png,,,,,??????????????????????????????????????????????????? ?7??????????????????????????3???!,,,,
,??????????????????????Vol.7?????,18,?10cm,?3?,????? #hololive,35,2025-11,2025-11-21,,got,1,https://res.cloudinary.com/dq60t7nqg/image/upload/v1778346631/hololive_production_hikkake_figure_Vol.7_necjhl.png,,,,,??????????????????????????????????????????????????? ?7??????????????????????????3???!,,,,
,??????????????????????Vol.7?????,18,?10cm,?3?,????? #hololive,35,2025-11,2025-11-21,,got,1,https://res.cloudinary.com/dq60t7nqg/image/upload/v1778346631/hololive_production_hikkake_figure_Vol.7_necjhl.png,,,,,??????????????????????????????????????????????????? ?7??????????????????????????3???!,,,,
,???????????? ?????????Vol.8?????,18,?10cm,?3?,????? #hololive,35,2025-12,2025-12-26,,got,1,https://res.cloudinary.com/dq60t7nqg/image/upload/v1778346631/hololive_production_hikkake_figure_Vol.8_b0gmbo.png,,,,,??????????????????????????????????????????????????? ?8????????????????????3???!,,,,
,???????????? ?????????Vol.8?????,18,?10cm,?3?,????? #hololive,35,2025-12,2025-12-26,,got,1,https://res.cloudinary.com/dq60t7nqg/image/upload/v1778346631/hololive_production_hikkake_figure_Vol.8_b0gmbo.png,,,,,??????????????????????????????????????????????????? ?8????????????????????3???!,,,,
,???????????? ?????????Vol.8????,18,?10cm,?3?,????? #hololive,35,2025-12,2025-12-26,,got,1,https://res.cloudinary.com/dq60t7nqg/image/upload/v1778346631/hololive_production_hikkake_figure_Vol.8_b0gmbo.png,,,,,??????????????????????????????????????????????????? ?8????????????????????3???!,,,,
,??????????????????????Vol.9?????,18,?10cm,?3?,????? #hololive,35,2026-01,2026-01-29,,got,1,https://res.cloudinary.com/dq60t7nqg/image/upload/v1778346631/hololive_production_hikkake_figure_Vol.9_jwwfrv.png,,,,,??????????????????????????????????????????????????? ?9?????????????????????3???!,,,,
,??????????????????????Vol.9?????,18,?10cm,?3?,????? #hololive,35,2026-01,2026-01-29,,got,1,https://res.cloudinary.com/dq60t7nqg/image/upload/v1778346631/hololive_production_hikkake_figure_Vol.9_jwwfrv.png,,,,,??????????????????????????????????????????????????? ?9?????????????????????3???!,,,,
,??????????????????????Vol.9?????,18,?10cm,?3?,????? #hololive,35,2026-01,2026-01-29,,got,1,https://res.cloudinary.com/dq60t7nqg/image/upload/v1778346631/hololive_production_hikkake_figure_Vol.9_jwwfrv.png,,,,,??????????????????????????????????????????????????? ?9?????????????????????3???!,,,,
,??????????????????????Vol.10?????,18,?10cm,?3?,????? #hololive,35,2026-02,2026-02-26,,got,1,https://res.cloudinary.com/dq60t7nqg/image/upload/v1778346665/hololive_production_hikkake_figure_Vol.10_or9uax.png,,,,,??????????????????????????????????????????????????? ?10????????????????????3???!,,,,
,??????????????????????Vol.10?????,18,?10cm,?3?,????? #hololive,35,2026-02,2026-02-26,,got,1,https://res.cloudinary.com/dq60t7nqg/image/upload/v1778346665/hololive_production_hikkake_figure_Vol.10_or9uax.png,,,,,??????????????????????????????????????????????????? ?10????????????????????3???!,,,,
,??????????????????????Vol.10????,18,?10cm,?3?,????? #hololive,35,2026-02,2026-02-26,,got,1,https://res.cloudinary.com/dq60t7nqg/image/upload/v1778346665/hololive_production_hikkake_figure_Vol.10_or9uax.png,,,,,??????????????????????????????????????????????????? ?10????????????????????3???!,,,,
,??????????????????????Vol.11??????,18,?10cm,?3?,????? #hololive,35,2026-03,2026-03-26,,got,1,https://res.cloudinary.com/dq60t7nqg/image/upload/v1778346685/hololive_production_hikkake_figure_Vol.11_tamw6a.png,,,,,??????????????????????????????????????????????????? ?11??????????????????????3???!,,,,
,??????????????????????Vol.11?????,18,?10cm,?3?,????? #hololive,35,2026-03,2026-03-26,,got,1,https://res.cloudinary.com/dq60t7nqg/image/upload/v1778346685/hololive_production_hikkake_figure_Vol.11_tamw6a.png,,,,,??????????????????????????????????????????????????? ?11??????????????????????3???!,,,,
,??????????????????????Vol.11?????,18,?10cm,?3?,????? #hololive,35,2026-03,2026-03-26,,got,1,https://res.cloudinary.com/dq60t7nqg/image/upload/v1778346685/hololive_production_hikkake_figure_Vol.11_tamw6a.png,,,,,??????????????????????????????????????????????????? ?11??????????????????????3???!,,,,
,???????????XIV???????????????????,59,?7cm,?4?,FF14,24,2025-05,,,got,1,https://res.cloudinary.com/dq60t7nqg/image/upload/v1778659140/final_fantasy_XIV_nuigurumi_mascot_outrunner_euslak.png,,,,,,,,,
,???????????XIV????????????????,59,?9cm,?1?,FF14,24,2025-06,,,un,0,https://res.cloudinary.com/dq60t7nqg/image/upload/v1778659140/final_fantasy_XIV_tobideru_squeeze_morokoshi_sama_cvt58g.png,,,,,,,,,
,???????????XIV????????????????????,59,?18cm,?1?,FF14,24,2025-07,,,un,0,https://res.cloudinary.com/dq60t7nqg/image/upload/v1778659139/final_fantasy_XIV_desktop_nuigurumi_puchipunuti__hj81en.png,,,,,,,,,
,???????????XIV????????????????,59,?14cm,?1?,FF14,24,2025-09,,,got,1,https://res.cloudinary.com/dq60t7nqg/image/upload/v1778659140/final_fantasy_XIV_room_lamp_crescent_moon__jmydu6.png,,,,,,,,,
,???????????XIV???????????????????,59,????25cm????????90cm,?1?,FF14,24,2025-11,,,un,0,https://res.cloudinary.com/dq60t7nqg/image/upload/v1778659140/final_fantasy_XIV_pouch_tsuki_blanket_debu_chocobo__wxr4dq.png,,,,,,,,,
,???????????XIV?????????????,59,?12cm,?1?,FF14,24,2025-11,,,got,1,https://res.cloudinary.com/dq60t7nqg/image/upload/v1778659140/final_fantasy_XIV_chokinbako_fat_cat__mlmp54.png,,,,,,,,,
,???????????XIV????????????????,59,?25cm,?1?,FF14,24,2025-12,,,got,1,https://res.cloudinary.com/dq60t7nqg/image/upload/v1778659139/final_fantasy_XIV_nuigurumi_touhou_no_shiro_tsuchinoko__zfgrjn.png,,,,,,,,,
,???????????XIV LED?????&?????? vol.2,59,?13cm,?1?,FF14,24,2026-01,,,got,1,https://res.cloudinary.com/dq60t7nqg/image/upload/v1778659140/final_fantasy_XIV_LED_coaster_and_glass_set_vol.2_xkcld2.png,,,,,,,,,
,???????????XIV??????????,59,?25cm,?1?,FF14,24,2026-02,,,got,1,https://res.cloudinary.com/dq60t7nqg/image/upload/v1778659140/final_fantasy_XIV_nuigurumi_yarn__j46wh6.png,,,,,,,,,
,???????????XIV?????????????????,59,?25cm,?1?,FF14,24,2026-03,,,got,1,https://res.cloudinary.com/dq60t7nqg/image/upload/v1778659140/final_fantasy_XIV_glass_plate_eorzea_juunishin__jrbtmz.png,,,,,,,,,
,???????????XIV?????????????????,59,?6cm,?2?,FF14,24,2026-05,,,un,1,https://res.cloudinary.com/dq60t7nqg/image/upload/v1778659140/final_fantasy_XIV_metallic_figure_kinjyasama_no_tsubo__pohzkm.png,,,,,,,,,
,???????Z BLOOD OF SAIYANS-????????-,9,?17cm,?1?,???????,40,2026-04,2026-04-08,2026-04-08,got,1,https://res.cloudinary.com/dq60t7nqg/image/upload/v1778661748/dragon_ball_Z_BLOOD_OF_SAIYANS_super_saiyan_son_gohan__wwaiwj.jpg,https://res.cloudinary.com/dq60t7nqg/image/upload/v1778661749/dragon_ball_Z_BLOOD_OF_SAIYANS_super_saiyan_son_gohan_2_nhlm6g.jpg,https://res.cloudinary.com/dq60t7nqg/image/upload/v1778661747/dragon_ball_Z_BLOOD_OF_SAIYANS_super_saiyan_son_gohan_3_ry9udq.jpg,https://res.cloudinary.com/dq60t7nqg/image/upload/v1778661748/dragon_ball_Z_BLOOD_OF_SAIYANS_super_saiyan_son_gohan_4_oldeoy.jpg,,BLOOD OF SAIYANS??????????????!???????????????????????????????????????????????????????????????????????????,,,,
,???????Z BLOOD OF SAIYANS-????????-,9,?13cm(??????????5cm????15cm),?1?,???????,40,2026-04,2026-04-08,2026-04-08,got,1,https://res.cloudinary.com/dq60t7nqg/image/upload/v1778661751/dragon_ball_Z_BLOOD_OF_SAIYANS_super_saiyan_son_goten__xf67xs.jpg ,https://res.cloudinary.com/dq60t7nqg/image/upload/v1778661749/dragon_ball_Z_BLOOD_OF_SAIYANS_super_saiyan_son_goten_3_czjzce.jpg,https://res.cloudinary.com/dq60t7nqg/image/upload/v1778661750/dragon_ball_Z_BLOOD_OF_SAIYANS_super_saiyan_son_goten_5_cwlzbo.jpg ,https://res.cloudinary.com/dq60t7nqg/image/upload/v1778661750/dragon_ball_Z_BLOOD_OF_SAIYANS_super_saiyan_son_goten_5_cwlzbo.jpg ,,BLOOD OF SAIYANS??????????????!??????????????????????????????????????????????????????????????????????????Z???????????!??????????????????????????,,,,
,???????Z BLOOD OF SAIYANS-????????-,9,?19cm,?1?,???????,40,2026-05,2026-05-14,2026-05-14,got,1,https://res.cloudinary.com/dq60t7nqg/image/upload/v1778661751/dragon_ball_Z_BLOOD_OF_SAIYANS_super_saiyan_son_goku__flvrxn.jpg,https://res.cloudinary.com/dq60t7nqg/image/upload/v1778661748/dragon_ball_Z_BLOOD_OF_SAIYANS_super_saiyan_son_goku_2_bmifen.jpg,https://res.cloudinary.com/dq60t7nqg/image/upload/v1778661748/dragon_ball_Z_BLOOD_OF_SAIYANS_super_saiyan_son_goku_3_fjggr1.jpg,,,"????????????????!
BLOOD OF SAIYANS????????????????!??????????????????????????????????????????2026?4???????????????????????????!",,,,
,?????????/??????????????????????? ?????,56,?16cm(???18cm),?1?,???????????,39,2025-05,2026-05-19,,un,1,https://res.cloudinary.com/dq60t7nqg/image/upload/v1778818396/star_wars_the_mandalorian_and_grogu_grogu_figure__u5mpry.jpg,https://res.cloudinary.com/dq60t7nqg/image/upload/v1778818396/star_wars_the_mandalorian_and_grogu_grogu_figure_2_hc4ecq.jpg,https://res.cloudinary.com/dq60t7nqg/image/upload/v1778818396/star_wars_the_mandalorian_and_grogu_grogu_figure_3_v7dk9b.jpg,https://res.cloudinary.com/dq60t7nqg/image/upload/v1778818396/star_wars_the_mandalorian_and_grogu_grogu_figure_4_rr7lv5.jpg,,?????????/?????????????????????????????????!???????????????????????????????????,,,,
,??? ?????????????????????? ????? ?????,60,?19cm,?1?,???????????,39,2025-05,2026-05-21,2026-05-21,got,1,https://res.cloudinary.com/dq60t7nqg/image/upload/v1779338238/gekijouban_mahou_shoujo_madoka_magica_walpurgis_no_kaiten_kaname_madoka_figure__dv1dze.jpg,https://res.cloudinary.com/dq60t7nqg/image/upload/v1779338238/gekijouban_mahou_shoujo_madoka_magica_walpurgis_no_kaiten_kaname_madoka_figure_3_myvuow.jpg,https://res.cloudinary.com/dq60t7nqg/image/upload/v1779338238/gekijouban_mahou_shoujo_madoka_magica_walpurgis_no_kaiten_kaname_madoka_figure__dv1dze.jpg,https://res.cloudinary.com/dq60t7nqg/image/upload/v1779338238/gekijouban_mahou_shoujo_madoka_magica_walpurgis_no_kaiten_kaname_madoka_figure_4_ifg7gr.jpg,https://res.cloudinary.com/dq60t7nqg/image/upload/v1779338238/gekijouban_mahou_shoujo_madoka_magica_walpurgis_no_kaiten_kaname_madoka_figure_5_xzrbqr.jpg,???? ???????????????????????????????????????????????!,,,,
,????? #hololive IF -???????-?????,18,?13cm,?1?,????? #hololive,39,2025-05,2026-05-26,,un,1,https://res.cloudinary.com/dq60t7nqg/image/upload/v1779338578/hololive_hololive_IF_holobabies_houshou_marine__hlrhay.jpg,https://res.cloudinary.com/dq60t7nqg/image/upload/v1779338578/hololive_hololive_IF_holobabies_houshou_marine_2_jrmhge.jpg,https://res.cloudinary.com/dq60t7nqg/image/upload/v1779338578/hololive_hololive_IF_holobabies_houshou_marine_3_ry9mmp.jpg,,,"?????????????????!?

??????????????????#hololive IF?????!???????????????????????????????????3???????????????????????????????????????????????????????????????????????????????!?

???????
?????3?????????????????????????????????????????????VTuber??????(??????????????????)??????????????????????????????????????????????????????????????!(??17?)?????????????????????????????????????",,,,
,????? #hololive IF -???????-???????,18,?13cm,?1?,????? #hololive,39,2025-05,2026-05-26,,un,1,https://res.cloudinary.com/dq60t7nqg/image/upload/v1779343278/hololive_hololive_IF_holobabies_kobo_kanaeru__fdzqwn.jpg,https://res.cloudinary.com/dq60t7nqg/image/upload/v1779343270/hololive_hololive_IF_holobabies_kobo_kanaeru_2_khaxit.jpg,https://res.cloudinary.com/dq60t7nqg/image/upload/v1779343270/hololive_hololive_IF_holobabies_kobo_kanaeru_3_xqiheb.jpg,,,"?????????????????!?

??????????????????#hololive IF?????!????????????????????????????????????????????????????????????????????????????????????????????????????????????????????????!?

?????????
???????????3????????????????????????????????????????????????????????????????????????????????????????????????????????????????????????????????????????????????????????????????????????VTuber??????",,,,
,キングダム オギコフィギュア,11,約19cm,全1種,キングダム,39,2025-05,2026-05-27,,un,1,https://res.cloudinary.com/dq60t7nqg/image/upload/v1779528663/kingdom_ogiko_figure__k1kui1.jpg,https://res.cloudinary.com/dq60t7nqg/image/upload/v1779528664/kingdom_ogiko_figure_2_eaqm89.jpg,https://res.cloudinary.com/dq60t7nqg/image/upload/v1779528663/kingdom_ogiko_figure_3_w31nf7.jpg,https://res.cloudinary.com/dq60t7nqg/image/upload/v1779528663/kingdom_ogiko_figure_4_qldyts.jpg,,"アニメ「キングダム」からオギコのフィギュアが登場！オギコらしい表情の再現度の高さが魅力！
また、オギコのフィギュアにオギコと桓騎のセリフが記載されたプレートが付属！
両方とも獲ってセットで飾ることがオススメ！",,,,
